dimension,key,maturity_year,companies
national,all,1993,1
national,all,1996,1
national,all,1997,2
national,all,1998,1
national,all,1999,4
national,all,2001,4
national,all,2002,10
national,all,2003,11
national,all,2004,9
national,all,2005,17
national,all,2006,19
national,all,2007,18
national,all,2008,6
national,all,2009,10
national,all,2010,34
national,all,2011,141
national,all,2012,172
national,all,2013,200
national,all,2014,312
national,all,2015,504
national,all,2016,755
national,all,2017,799
national,all,2018,850
national,all,2019,1052
national,all,2020,1410
national,all,2021,1565
national,all,2022,1750
national,all,2023,1849
national,all,2024,2099
national,all,2025,2387
national,all,2026,2639
national,all,2027,2737
national,all,2028,2516
national,all,2029,2464
national,all,2030,2589
national,all,2031,2651
national,all,2032,2598
national,all,2033,2410
national,all,2034,3056
national,all,2035,3510
national,all,2036,1992
national,all,2037,1645
national,all,2038,1456
national,all,2039,1251
national,all,2040,1370
national,all,2041,1403
national,all,2042,1338
national,all,2043,1256
national,all,2044,1357
national,all,2045,1592
national,all,2046,2163
national,all,2047,1624
national,all,2048,1281
national,all,2049,1406
national,all,2050,1454
national,all,2051,532
national,all,2052,24
national,all,2056,1
state,AK,2014,1
state,AK,2017,1
state,AK,2018,1
state,AK,2019,1
state,AK,2020,1
state,AK,2021,3
state,AK,2022,4
state,AK,2023,12
state,AK,2024,4
state,AK,2025,3
state,AK,2026,2
state,AK,2027,10
state,AK,2028,6
state,AK,2029,4
state,AK,2030,7
state,AK,2031,5
state,AK,2032,6
state,AK,2033,5
state,AK,2034,5
state,AK,2035,6
state,AK,2036,6
state,AK,2037,4
state,AK,2038,5
state,AK,2039,1
state,AK,2040,3
state,AK,2041,4
state,AK,2042,5
state,AK,2043,3
state,AK,2044,4
state,AK,2045,4
state,AK,2046,2
state,AK,2047,6
state,AK,2048,1
state,AK,2049,4
state,AK,2050,4
state,AK,2051,5
state,AL,2002,1
state,AL,2003,1
state,AL,2010,1
state,AL,2011,3
state,AL,2012,3
state,AL,2013,3
state,AL,2014,12
state,AL,2015,7
state,AL,2016,6
state,AL,2017,5
state,AL,2018,13
state,AL,2019,9
state,AL,2020,21
state,AL,2021,18
state,AL,2022,20
state,AL,2023,15
state,AL,2024,14
state,AL,2025,14
state,AL,2026,13
state,AL,2027,17
state,AL,2028,20
state,AL,2029,26
state,AL,2030,33
state,AL,2031,22
state,AL,2032,27
state,AL,2033,24
state,AL,2034,31
state,AL,2035,33
state,AL,2036,22
state,AL,2037,14
state,AL,2038,13
state,AL,2039,9
state,AL,2040,7
state,AL,2041,15
state,AL,2042,9
state,AL,2043,7
state,AL,2044,9
state,AL,2045,15
state,AL,2046,16
state,AL,2047,7
state,AL,2048,15
state,AL,2049,5
state,AL,2050,15
state,AL,2051,1
state,AL,2052,2
state,AR,2011,1
state,AR,2013,1
state,AR,2014,1
state,AR,2015,3
state,AR,2016,6
state,AR,2017,2
state,AR,2018,5
state,AR,2019,3
state,AR,2020,3
state,AR,2021,4
state,AR,2022,5
state,AR,2023,6
state,AR,2024,9
state,AR,2025,11
state,AR,2026,12
state,AR,2027,15
state,AR,2028,9
state,AR,2029,12
state,AR,2030,17
state,AR,2031,16
state,AR,2032,12
state,AR,2033,9
state,AR,2034,10
state,AR,2035,23
state,AR,2036,5
state,AR,2037,6
state,AR,2038,6
state,AR,2039,5
state,AR,2040,8
state,AR,2041,6
state,AR,2042,10
state,AR,2043,6
state,AR,2044,4
state,AR,2045,7
state,AR,2046,7
state,AR,2047,4
state,AR,2048,3
state,AR,2049,7
state,AR,2050,3
state,AR,2051,1
state,AR,2052,2
state,AZ,2010,1
state,AZ,2011,2
state,AZ,2012,4
state,AZ,2013,5
state,AZ,2014,8
state,AZ,2015,12
state,AZ,2016,13
state,AZ,2017,15
state,AZ,2018,14
state,AZ,2019,20
state,AZ,2020,32
state,AZ,2021,36
state,AZ,2022,57
state,AZ,2023,44
state,AZ,2024,57
state,AZ,2025,53
state,AZ,2026,69
state,AZ,2027,102
state,AZ,2028,67
state,AZ,2029,58
state,AZ,2030,57
state,AZ,2031,74
state,AZ,2032,51
state,AZ,2033,59
state,AZ,2034,59
state,AZ,2035,103
state,AZ,2036,52
state,AZ,2037,37
state,AZ,2038,42
state,AZ,2039,34
state,AZ,2040,53
state,AZ,2041,43
state,AZ,2042,55
state,AZ,2043,49
state,AZ,2044,34
state,AZ,2045,51
state,AZ,2046,58
state,AZ,2047,54
state,AZ,2048,31
state,AZ,2049,47
state,AZ,2050,65
state,AZ,2051,24
state,AZ,2052,1
state,CA,2004,1
state,CA,2006,2
state,CA,2007,4
state,CA,2009,1
state,CA,2010,5
state,CA,2011,15
state,CA,2012,15
state,CA,2013,18
state,CA,2014,39
state,CA,2015,62
state,CA,2016,98
state,CA,2017,96
state,CA,2018,111
state,CA,2019,161
state,CA,2020,201
state,CA,2021,272
state,CA,2022,277
state,CA,2023,328
state,CA,2024,389
state,CA,2025,447
state,CA,2026,487
state,CA,2027,508
state,CA,2028,353
state,CA,2029,353
state,CA,2030,361
state,CA,2031,350
state,CA,2032,343
state,CA,2033,309
state,CA,2034,443
state,CA,2035,536
state,CA,2036,308
state,CA,2037,310
state,CA,2038,267
state,CA,2039,240
state,CA,2040,232
state,CA,2041,264
state,CA,2042,245
state,CA,2043,266
state,CA,2044,271
state,CA,2045,334
state,CA,2046,478
state,CA,2047,337
state,CA,2048,265
state,CA,2049,282
state,CA,2050,268
state,CA,2051,109
state,CA,2052,1
state,CO,2002,1
state,CO,2010,1
state,CO,2011,3
state,CO,2012,1
state,CO,2013,5
state,CO,2014,11
state,CO,2015,14
state,CO,2016,19
state,CO,2017,17
state,CO,2018,27
state,CO,2019,27
state,CO,2020,43
state,CO,2021,47
state,CO,2022,50
state,CO,2023,61
state,CO,2024,67
state,CO,2025,77
state,CO,2026,86
state,CO,2027,86
state,CO,2028,101
state,CO,2029,88
state,CO,2030,84
state,CO,2031,100
state,CO,2032,80
state,CO,2033,78
state,CO,2034,90
state,CO,2035,126
state,CO,2036,70
state,CO,2037,43
state,CO,2038,50
state,CO,2039,45
state,CO,2040,55
state,CO,2041,57
state,CO,2042,45
state,CO,2043,52
state,CO,2044,54
state,CO,2045,59
state,CO,2046,91
state,CO,2047,85
state,CO,2048,54
state,CO,2049,46
state,CO,2050,43
state,CO,2051,21
state,CO,2052,1
state,CT,2007,1
state,CT,2011,2
state,CT,2012,2
state,CT,2014,3
state,CT,2015,13
state,CT,2016,13
state,CT,2017,8
state,CT,2018,16
state,CT,2019,12
state,CT,2020,16
state,CT,2021,19
state,CT,2022,22
state,CT,2023,26
state,CT,2024,36
state,CT,2025,35
state,CT,2026,29
state,CT,2027,20
state,CT,2028,31
state,CT,2029,27
state,CT,2030,25
state,CT,2031,37
state,CT,2032,21
state,CT,2033,27
state,CT,2034,37
state,CT,2035,45
state,CT,2036,30
state,CT,2037,24
state,CT,2038,18
state,CT,2039,14
state,CT,2040,13
state,CT,2041,13
state,CT,2042,12
state,CT,2043,12
state,CT,2044,13
state,CT,2045,13
state,CT,2046,23
state,CT,2047,21
state,CT,2048,14
state,CT,2049,20
state,CT,2050,13
state,CT,2051,7
state,DC,2014,1
state,DC,2015,3
state,DC,2018,1
state,DC,2019,1
state,DC,2020,2
state,DC,2021,2
state,DC,2023,1
state,DC,2024,1
state,DC,2027,4
state,DC,2028,1
state,DC,2030,1
state,DC,2031,3
state,DC,2033,1
state,DC,2034,3
state,DC,2035,1
state,DC,2036,3
state,DC,2037,1
state,DC,2039,5
state,DC,2040,1
state,DC,2042,1
state,DC,2043,1
state,DC,2044,1
state,DC,2046,1
state,DC,2047,1
state,DC,2048,1
state,DE,2011,1
state,DE,2016,3
state,DE,2019,1
state,DE,2020,2
state,DE,2021,2
state,DE,2022,1
state,DE,2023,2
state,DE,2024,2
state,DE,2025,2
state,DE,2026,2
state,DE,2027,1
state,DE,2028,3
state,DE,2029,1
state,DE,2030,3
state,DE,2031,7
state,DE,2032,4
state,DE,2033,10
state,DE,2034,3
state,DE,2035,10
state,DE,2036,5
state,DE,2037,4
state,DE,2038,1
state,DE,2039,6
state,DE,2040,5
state,DE,2041,3
state,DE,2042,3
state,DE,2044,2
state,DE,2045,2
state,DE,2046,3
state,DE,2047,3
state,DE,2048,3
state,DE,2049,3
state,FL,2003,1
state,FL,2011,7
state,FL,2012,5
state,FL,2013,7
state,FL,2014,9
state,FL,2015,12
state,FL,2016,22
state,FL,2017,21
state,FL,2018,26
state,FL,2019,38
state,FL,2020,51
state,FL,2021,58
state,FL,2022,78
state,FL,2023,89
state,FL,2024,99
state,FL,2025,114
state,FL,2026,152
state,FL,2027,174
state,FL,2028,148
state,FL,2029,157
state,FL,2030,156
state,FL,2031,163
state,FL,2032,165
state,FL,2033,204
state,FL,2034,251
state,FL,2035,270
state,FL,2036,157
state,FL,2037,116
state,FL,2038,83
state,FL,2039,60
state,FL,2040,80
state,FL,2041,86
state,FL,2042,109
state,FL,2043,76
state,FL,2044,104
state,FL,2045,122
state,FL,2046,148
state,FL,2047,110
state,FL,2048,122
state,FL,2049,137
state,FL,2050,150
state,FL,2051,38
state,FL,2052,2
state,GA,2001,1
state,GA,2002,1
state,GA,2003,1
state,GA,2005,2
state,GA,2010,1
state,GA,2011,3
state,GA,2012,6
state,GA,2013,4
state,GA,2014,1
state,GA,2015,6
state,GA,2016,12
state,GA,2017,14
state,GA,2018,22
state,GA,2019,17
state,GA,2020,33
state,GA,2021,28
state,GA,2022,42
state,GA,2023,39
state,GA,2024,45
state,GA,2025,62
state,GA,2026,76
state,GA,2027,74
state,GA,2028,79
state,GA,2029,62
state,GA,2030,68
state,GA,2031,77
state,GA,2032,73
state,GA,2033,65
state,GA,2034,67
state,GA,2035,96
state,GA,2036,61
state,GA,2037,57
state,GA,2038,58
state,GA,2039,41
state,GA,2040,43
state,GA,2041,48
state,GA,2042,42
state,GA,2043,51
state,GA,2044,56
state,GA,2045,50
state,GA,2046,58
state,GA,2047,43
state,GA,2048,44
state,GA,2049,38
state,GA,2050,32
state,GA,2051,17
state,GA,2052,1
state,HI,2010,1
state,HI,2015,3
state,HI,2016,5
state,HI,2017,2
state,HI,2018,5
state,HI,2019,3
state,HI,2020,5
state,HI,2021,3
state,HI,2022,9
state,HI,2023,5
state,HI,2024,5
state,HI,2025,8
state,HI,2026,6
state,HI,2027,3
state,HI,2028,10
state,HI,2029,11
state,HI,2030,7
state,HI,2031,7
state,HI,2032,8
state,HI,2033,7
state,HI,2034,7
state,HI,2035,6
state,HI,2036,5
state,HI,2037,5
state,HI,2038,2
state,HI,2039,1
state,HI,2040,1
state,HI,2041,1
state,HI,2043,4
state,HI,2044,1
state,HI,2045,1
state,HI,2046,9
state,HI,2047,3
state,HI,2048,3
state,HI,2049,1
state,HI,2050,4
state,HI,2051,1
state,IA,2011,5
state,IA,2012,2
state,IA,2013,6
state,IA,2014,2
state,IA,2015,4
state,IA,2016,12
state,IA,2017,7
state,IA,2018,13
state,IA,2019,16
state,IA,2020,25
state,IA,2021,19
state,IA,2022,21
state,IA,2023,22
state,IA,2024,23
state,IA,2025,22
state,IA,2026,22
state,IA,2027,34
state,IA,2028,35
state,IA,2029,27
state,IA,2030,40
state,IA,2031,19
state,IA,2032,30
state,IA,2033,23
state,IA,2034,15
state,IA,2035,25
state,IA,2036,8
state,IA,2037,16
state,IA,2038,13
state,IA,2039,13
state,IA,2040,11
state,IA,2041,17
state,IA,2042,7
state,IA,2043,9
state,IA,2044,6
state,IA,2045,13
state,IA,2046,11
state,IA,2047,10
state,IA,2048,4
state,IA,2049,6
state,IA,2050,13
state,IA,2051,3
state,IA,2052,1
state,ID,2002,2
state,ID,2011,2
state,ID,2012,1
state,ID,2013,1
state,ID,2014,2
state,ID,2015,3
state,ID,2016,6
state,ID,2017,12
state,ID,2018,8
state,ID,2019,11
state,ID,2020,23
state,ID,2021,21
state,ID,2022,27
state,ID,2023,21
state,ID,2024,39
state,ID,2025,30
state,ID,2026,42
state,ID,2027,41
state,ID,2028,27
state,ID,2029,30
state,ID,2030,24
state,ID,2031,22
state,ID,2032,38
state,ID,2033,29
state,ID,2034,28
state,ID,2035,39
state,ID,2036,23
state,ID,2037,17
state,ID,2038,15
state,ID,2039,19
state,ID,2040,14
state,ID,2041,18
state,ID,2042,13
state,ID,2043,17
state,ID,2044,19
state,ID,2045,24
state,ID,2046,29
state,ID,2047,20
state,ID,2048,11
state,ID,2049,11
state,ID,2050,17
state,ID,2051,8
state,IL,1996,1
state,IL,1997,1
state,IL,2002,2
state,IL,2005,1
state,IL,2007,2
state,IL,2009,1
state,IL,2010,1
state,IL,2011,1
state,IL,2012,4
state,IL,2013,9
state,IL,2014,12
state,IL,2015,24
state,IL,2016,35
state,IL,2017,37
state,IL,2018,32
state,IL,2019,59
state,IL,2020,56
state,IL,2021,60
state,IL,2022,87
state,IL,2023,82
state,IL,2024,105
state,IL,2025,111
state,IL,2026,108
state,IL,2027,111
state,IL,2028,105
state,IL,2029,108
state,IL,2030,103
state,IL,2031,112
state,IL,2032,149
state,IL,2033,102
state,IL,2034,127
state,IL,2035,121
state,IL,2036,70
state,IL,2037,96
state,IL,2038,64
state,IL,2039,50
state,IL,2040,54
state,IL,2041,51
state,IL,2042,42
state,IL,2043,49
state,IL,2044,47
state,IL,2045,49
state,IL,2046,97
state,IL,2047,63
state,IL,2048,45
state,IL,2049,46
state,IL,2050,66
state,IL,2051,24
state,IN,2001,1
state,IN,2003,1
state,IN,2004,2
state,IN,2005,1
state,IN,2007,2
state,IN,2008,1
state,IN,2009,2
state,IN,2011,7
state,IN,2012,7
state,IN,2013,10
state,IN,2014,9
state,IN,2015,22
state,IN,2016,28
state,IN,2017,22
state,IN,2018,40
state,IN,2019,33
state,IN,2020,34
state,IN,2021,54
state,IN,2022,42
state,IN,2023,48
state,IN,2024,45
state,IN,2025,36
state,IN,2026,70
state,IN,2027,70
state,IN,2028,54
state,IN,2029,58
state,IN,2030,58
state,IN,2031,69
state,IN,2032,48
state,IN,2033,51
state,IN,2034,63
state,IN,2035,70
state,IN,2036,53
state,IN,2037,33
state,IN,2038,35
state,IN,2039,21
state,IN,2040,25
state,IN,2041,30
state,IN,2042,26
state,IN,2043,16
state,IN,2044,21
state,IN,2045,22
state,IN,2046,29
state,IN,2047,25
state,IN,2048,20
state,IN,2049,19
state,IN,2050,20
state,IN,2051,5
state,KS,2007,1
state,KS,2009,1
state,KS,2011,3
state,KS,2012,3
state,KS,2013,6
state,KS,2015,6
state,KS,2016,14
state,KS,2017,14
state,KS,2018,8
state,KS,2019,12
state,KS,2020,18
state,KS,2021,25
state,KS,2022,17
state,KS,2023,16
state,KS,2024,21
state,KS,2025,17
state,KS,2026,20
state,KS,2027,32
state,KS,2028,27
state,KS,2029,24
state,KS,2030,24
state,KS,2031,34
state,KS,2032,32
state,KS,2033,13
state,KS,2034,21
state,KS,2035,22
state,KS,2036,15
state,KS,2037,13
state,KS,2038,6
state,KS,2039,13
state,KS,2040,17
state,KS,2041,18
state,KS,2042,16
state,KS,2043,3
state,KS,2044,9
state,KS,2045,5
state,KS,2046,6
state,KS,2047,7
state,KS,2048,6
state,KS,2049,7
state,KS,2050,6
state,KS,2051,2
state,KS,2052,1
state,KY,2007,1
state,KY,2011,1
state,KY,2012,1
state,KY,2013,2
state,KY,2014,4
state,KY,2015,6
state,KY,2016,6
state,KY,2017,7
state,KY,2018,4
state,KY,2019,10
state,KY,2020,13
state,KY,2021,12
state,KY,2022,13
state,KY,2023,9
state,KY,2024,22
state,KY,2025,19
state,KY,2026,13
state,KY,2027,17
state,KY,2028,10
state,KY,2029,21
state,KY,2030,14
state,KY,2031,12
state,KY,2032,26
state,KY,2033,17
state,KY,2034,24
state,KY,2035,22
state,KY,2036,11
state,KY,2037,6
state,KY,2038,12
state,KY,2039,6
state,KY,2040,14
state,KY,2041,7
state,KY,2042,11
state,KY,2043,9
state,KY,2044,9
state,KY,2045,9
state,KY,2046,6
state,KY,2047,11
state,KY,2048,5
state,KY,2049,8
state,KY,2050,9
state,KY,2051,2
state,LA,2011,1
state,LA,2012,1
state,LA,2013,1
state,LA,2014,1
state,LA,2015,2
state,LA,2016,5
state,LA,2017,7
state,LA,2018,9
state,LA,2019,7
state,LA,2020,9
state,LA,2021,8
state,LA,2022,12
state,LA,2023,12
state,LA,2024,11
state,LA,2025,16
state,LA,2026,27
state,LA,2027,14
state,LA,2028,24
state,LA,2029,19
state,LA,2030,15
state,LA,2031,25
state,LA,2032,13
state,LA,2033,12
state,LA,2034,21
state,LA,2035,23
state,LA,2036,14
state,LA,2037,11
state,LA,2038,13
state,LA,2039,10
state,LA,2040,14
state,LA,2041,10
state,LA,2042,9
state,LA,2043,13
state,LA,2044,10
state,LA,2045,12
state,LA,2046,15
state,LA,2047,2
state,LA,2048,5
state,LA,2049,12
state,LA,2050,10
state,LA,2051,4
state,LA,2052,1
state,MA,2001,1
state,MA,2002,1
state,MA,2007,1
state,MA,2011,5
state,MA,2012,2
state,MA,2013,7
state,MA,2014,7
state,MA,2015,6
state,MA,2016,20
state,MA,2017,26
state,MA,2018,23
state,MA,2019,28
state,MA,2020,22
state,MA,2021,39
state,MA,2022,43
state,MA,2023,49
state,MA,2024,38
state,MA,2025,61
state,MA,2026,57
state,MA,2027,46
state,MA,2028,65
state,MA,2029,80
state,MA,2030,64
state,MA,2031,71
state,MA,2032,50
state,MA,2033,58
state,MA,2034,86
state,MA,2035,85
state,MA,2036,48
state,MA,2037,35
state,MA,2038,34
state,MA,2039,24
state,MA,2040,19
state,MA,2041,18
state,MA,2042,15
state,MA,2043,36
state,MA,2044,29
state,MA,2045,51
state,MA,2046,49
state,MA,2047,43
state,MA,2048,32
state,MA,2049,41
state,MA,2050,32
state,MA,2051,10
state,MD,1997,1
state,MD,2006,1
state,MD,2011,2
state,MD,2012,4
state,MD,2013,2
state,MD,2014,5
state,MD,2015,5
state,MD,2016,16
state,MD,2017,16
state,MD,2018,12
state,MD,2019,15
state,MD,2020,13
state,MD,2021,16
state,MD,2022,19
state,MD,2023,20
state,MD,2024,16
state,MD,2025,23
state,MD,2026,28
state,MD,2027,32
state,MD,2028,21
state,MD,2029,16
state,MD,2030,20
state,MD,2031,19
state,MD,2032,30
state,MD,2033,27
state,MD,2034,37
state,MD,2035,49
state,MD,2036,26
state,MD,2037,13
state,MD,2038,18
state,MD,2039,9
state,MD,2040,11
state,MD,2041,10
state,MD,2042,7
state,MD,2043,11
state,MD,2044,18
state,MD,2045,11
state,MD,2046,18
state,MD,2047,8
state,MD,2048,14
state,MD,2049,17
state,MD,2050,16
state,MD,2051,4
state,ME,2007,1
state,ME,2011,3
state,ME,2013,1
state,ME,2014,2
state,ME,2016,4
state,ME,2017,5
state,ME,2018,6
state,ME,2019,5
state,ME,2020,12
state,ME,2021,5
state,ME,2022,7
state,ME,2023,6
state,ME,2024,7
state,ME,2025,13
state,ME,2026,16
state,ME,2027,8
state,ME,2028,11
state,ME,2029,12
state,ME,2030,8
state,ME,2031,9
state,ME,2032,11
state,ME,2033,10
state,ME,2034,9
state,ME,2035,13
state,ME,2036,3
state,ME,2037,8
state,ME,2038,8
state,ME,2039,6
state,ME,2040,4
state,ME,2041,8
state,ME,2042,4
state,ME,2043,2
state,ME,2044,7
state,ME,2045,7
state,ME,2046,13
state,ME,2047,8
state,ME,2048,5
state,ME,2049,5
state,ME,2050,8
state,ME,2051,2
state,MI,2005,1
state,MI,2010,2
state,MI,2011,8
state,MI,2012,4
state,MI,2013,8
state,MI,2014,14
state,MI,2015,14
state,MI,2016,23
state,MI,2017,36
state,MI,2018,19
state,MI,2019,45
state,MI,2020,45
state,MI,2021,61
state,MI,2022,71
state,MI,2023,76
state,MI,2024,90
state,MI,2025,85
state,MI,2026,96
state,MI,2027,88
state,MI,2028,96
state,MI,2029,91
state,MI,2030,108
state,MI,2031,103
state,MI,2032,99
state,MI,2033,121
state,MI,2034,112
state,MI,2035,130
state,MI,2036,82
state,MI,2037,70
state,MI,2038,69
state,MI,2039,52
state,MI,2040,46
state,MI,2041,40
state,MI,2042,59
state,MI,2043,29
state,MI,2044,25
state,MI,2045,38
state,MI,2046,58
state,MI,2047,44
state,MI,2048,41
state,MI,2049,37
state,MI,2050,38
state,MI,2051,14
state,MI,2052,1
state,MN,2003,1
state,MN,2004,1
state,MN,2005,3
state,MN,2006,2
state,MN,2007,1
state,MN,2010,1
state,MN,2011,6
state,MN,2012,15
state,MN,2013,13
state,MN,2014,22
state,MN,2015,34
state,MN,2016,32
state,MN,2017,38
state,MN,2018,30
state,MN,2019,49
state,MN,2020,69
state,MN,2021,82
state,MN,2022,72
state,MN,2023,79
state,MN,2024,87
state,MN,2025,90
state,MN,2026,93
state,MN,2027,105
state,MN,2028,88
state,MN,2029,85
state,MN,2030,97
state,MN,2031,118
state,MN,2032,88
state,MN,2033,64
state,MN,2034,86
state,MN,2035,78
state,MN,2036,52
state,MN,2037,45
state,MN,2038,32
state,MN,2039,32
state,MN,2040,35
state,MN,2041,31
state,MN,2042,38
state,MN,2043,25
state,MN,2044,39
state,MN,2045,51
state,MN,2046,63
state,MN,2047,62
state,MN,2048,29
state,MN,2049,33
state,MN,2050,37
state,MN,2051,10
state,MO,2008,1
state,MO,2011,5
state,MO,2012,9
state,MO,2013,4
state,MO,2014,11
state,MO,2015,20
state,MO,2016,22
state,MO,2017,18
state,MO,2018,16
state,MO,2019,17
state,MO,2020,33
state,MO,2021,38
state,MO,2022,38
state,MO,2023,39
state,MO,2024,39
state,MO,2025,53
state,MO,2026,58
state,MO,2027,48
state,MO,2028,56
state,MO,2029,53
state,MO,2030,59
state,MO,2031,56
state,MO,2032,55
state,MO,2033,45
state,MO,2034,64
state,MO,2035,58
state,MO,2036,41
state,MO,2037,27
state,MO,2038,25
state,MO,2039,19
state,MO,2040,26
state,MO,2041,34
state,MO,2042,31
state,MO,2043,21
state,MO,2044,17
state,MO,2045,18
state,MO,2046,34
state,MO,2047,22
state,MO,2048,17
state,MO,2049,19
state,MO,2050,32
state,MO,2051,8
state,MS,2011,1
state,MS,2012,3
state,MS,2014,3
state,MS,2015,5
state,MS,2016,3
state,MS,2017,4
state,MS,2018,3
state,MS,2019,7
state,MS,2020,3
state,MS,2021,4
state,MS,2022,12
state,MS,2023,6
state,MS,2024,11
state,MS,2025,12
state,MS,2026,10
state,MS,2027,7
state,MS,2028,9
state,MS,2029,9
state,MS,2030,6
state,MS,2031,13
state,MS,2032,8
state,MS,2033,4
state,MS,2034,14
state,MS,2035,9
state,MS,2036,7
state,MS,2037,4
state,MS,2038,6
state,MS,2039,6
state,MS,2040,6
state,MS,2041,7
state,MS,2042,3
state,MS,2043,3
state,MS,2044,5
state,MS,2045,3
state,MS,2046,2
state,MS,2047,2
state,MS,2048,1
state,MS,2049,3
state,MS,2050,1
state,MS,2051,6
state,MT,2010,2
state,MT,2011,1
state,MT,2012,2
state,MT,2013,1
state,MT,2014,1
state,MT,2015,2
state,MT,2016,4
state,MT,2017,4
state,MT,2018,4
state,MT,2019,12
state,MT,2020,10
state,MT,2021,7
state,MT,2022,7
state,MT,2023,14
state,MT,2024,4
state,MT,2025,9
state,MT,2026,9
state,MT,2027,11
state,MT,2028,8
state,MT,2029,13
state,MT,2030,17
state,MT,2031,18
state,MT,2032,17
state,MT,2033,9
state,MT,2034,12
state,MT,2035,11
state,MT,2036,11
state,MT,2037,9
state,MT,2038,3
state,MT,2039,5
state,MT,2040,12
state,MT,2041,4
state,MT,2042,5
state,MT,2043,4
state,MT,2044,6
state,MT,2045,7
state,MT,2046,15
state,MT,2047,3
state,MT,2048,7
state,MT,2049,6
state,MT,2050,7
state,MT,2051,3
state,NC,2003,2
state,NC,2008,1
state,NC,2010,1
state,NC,2011,1
state,NC,2012,3
state,NC,2013,7
state,NC,2014,8
state,NC,2015,8
state,NC,2016,21
state,NC,2017,16
state,NC,2018,18
state,NC,2019,13
state,NC,2020,33
state,NC,2021,23
state,NC,2022,34
state,NC,2023,22
state,NC,2024,37
state,NC,2025,52
state,NC,2026,41
state,NC,2027,70
state,NC,2028,57
state,NC,2029,67
state,NC,2030,52
state,NC,2031,60
state,NC,2032,47
state,NC,2033,65
state,NC,2034,96
state,NC,2035,108
state,NC,2036,51
state,NC,2037,42
state,NC,2038,32
state,NC,2039,32
state,NC,2040,39
state,NC,2041,42
state,NC,2042,32
state,NC,2043,35
state,NC,2044,21
state,NC,2045,33
state,NC,2046,40
state,NC,2047,32
state,NC,2048,27
state,NC,2049,37
state,NC,2050,32
state,NC,2051,12
state,NC,2052,1
state,ND,2005,1
state,ND,2011,1
state,ND,2012,2
state,ND,2014,5
state,ND,2015,4
state,ND,2016,2
state,ND,2017,10
state,ND,2018,3
state,ND,2019,7
state,ND,2020,6
state,ND,2021,9
state,ND,2022,4
state,ND,2023,4
state,ND,2024,15
state,ND,2025,8
state,ND,2026,12
state,ND,2027,7
state,ND,2028,13
state,ND,2029,5
state,ND,2030,10
state,ND,2031,5
state,ND,2032,9
state,ND,2033,7
state,ND,2034,8
state,ND,2035,9
state,ND,2036,8
state,ND,2037,6
state,ND,2038,5
state,ND,2039,7
state,ND,2040,2
state,ND,2041,6
state,ND,2042,3
state,ND,2043,5
state,ND,2044,7
state,ND,2045,11
state,ND,2046,18
state,ND,2047,9
state,ND,2048,2
state,ND,2049,7
state,ND,2050,6
state,ND,2051,3
state,NE,2014,2
state,NE,2015,4
state,NE,2016,11
state,NE,2017,6
state,NE,2018,7
state,NE,2019,5
state,NE,2020,14
state,NE,2021,14
state,NE,2022,16
state,NE,2023,15
state,NE,2024,13
state,NE,2025,23
state,NE,2026,20
state,NE,2027,18
state,NE,2028,15
state,NE,2029,17
state,NE,2030,18
state,NE,2031,19
state,NE,2032,23
state,NE,2033,14
state,NE,2034,20
state,NE,2035,10
state,NE,2036,11
state,NE,2037,9
state,NE,2038,8
state,NE,2039,10
state,NE,2040,10
state,NE,2041,8
state,NE,2042,8
state,NE,2043,9
state,NE,2044,6
state,NE,2045,14
state,NE,2046,5
state,NE,2047,9
state,NE,2048,2
state,NE,2049,7
state,NE,2050,10
state,NE,2051,3
state,NH,2003,1
state,NH,2005,1
state,NH,2010,1
state,NH,2011,4
state,NH,2012,6
state,NH,2013,4
state,NH,2014,4
state,NH,2015,1
state,NH,2016,9
state,NH,2017,18
state,NH,2018,16
state,NH,2019,19
state,NH,2020,12
state,NH,2021,13
state,NH,2022,20
state,NH,2023,19
state,NH,2024,21
state,NH,2025,19
state,NH,2026,24
state,NH,2027,17
state,NH,2028,23
state,NH,2029,27
state,NH,2030,28
state,NH,2031,24
state,NH,2032,20
state,NH,2033,18
state,NH,2034,30
state,NH,2035,26
state,NH,2036,17
state,NH,2037,10
state,NH,2038,6
state,NH,2039,10
state,NH,2040,9
state,NH,2041,15
state,NH,2042,5
state,NH,2043,7
state,NH,2044,7
state,NH,2045,11
state,NH,2046,6
state,NH,2047,6
state,NH,2048,6
state,NH,2049,9
state,NH,2050,11
state,NH,2051,2
state,NJ,2006,1
state,NJ,2013,1
state,NJ,2014,2
state,NJ,2015,5
state,NJ,2016,4
state,NJ,2017,10
state,NJ,2018,9
state,NJ,2019,8
state,NJ,2020,23
state,NJ,2021,22
state,NJ,2022,22
state,NJ,2023,22
state,NJ,2024,22
state,NJ,2025,25
state,NJ,2026,33
state,NJ,2027,36
state,NJ,2028,36
state,NJ,2029,37
state,NJ,2030,41
state,NJ,2031,42
state,NJ,2032,41
state,NJ,2033,56
state,NJ,2034,63
state,NJ,2035,95
state,NJ,2036,46
state,NJ,2037,29
state,NJ,2038,32
state,NJ,2039,27
state,NJ,2040,33
state,NJ,2041,39
state,NJ,2042,32
state,NJ,2043,35
state,NJ,2044,24
state,NJ,2045,21
state,NJ,2046,38
state,NJ,2047,48
state,NJ,2048,32
state,NJ,2049,30
state,NJ,2050,45
state,NJ,2051,10
state,NJ,2056,1
state,NM,2013,1
state,NM,2014,4
state,NM,2015,4
state,NM,2016,10
state,NM,2017,5
state,NM,2018,1
state,NM,2019,8
state,NM,2020,7
state,NM,2021,8
state,NM,2022,7
state,NM,2023,8
state,NM,2024,5
state,NM,2025,11
state,NM,2026,13
state,NM,2027,16
state,NM,2028,11
state,NM,2029,12
state,NM,2030,10
state,NM,2031,16
state,NM,2032,9
state,NM,2033,5
state,NM,2034,14
state,NM,2035,20
state,NM,2036,9
state,NM,2037,15
state,NM,2038,4
state,NM,2039,7
state,NM,2040,9
state,NM,2041,14
state,NM,2042,10
state,NM,2043,9
state,NM,2044,18
state,NM,2045,9
state,NM,2046,10
state,NM,2047,13
state,NM,2048,5
state,NM,2049,4
state,NM,2050,4
state,NM,2051,1
state,NV,2009,1
state,NV,2011,3
state,NV,2012,6
state,NV,2013,5
state,NV,2014,7
state,NV,2015,5
state,NV,2016,10
state,NV,2017,9
state,NV,2018,13
state,NV,2019,11
state,NV,2020,14
state,NV,2021,14
state,NV,2022,16
state,NV,2023,25
state,NV,2024,30
state,NV,2025,29
state,NV,2026,42
state,NV,2027,38
state,NV,2028,23
state,NV,2029,17
state,NV,2030,21
state,NV,2031,28
state,NV,2032,27
state,NV,2033,21
state,NV,2034,23
state,NV,2035,45
state,NV,2036,14
state,NV,2037,30
state,NV,2038,13
state,NV,2039,13
state,NV,2040,18
state,NV,2041,15
state,NV,2042,14
state,NV,2043,14
state,NV,2044,23
state,NV,2045,24
state,NV,2046,33
state,NV,2047,25
state,NV,2048,9
state,NV,2049,21
state,NV,2050,19
state,NV,2051,6
state,NY,2003,1
state,NY,2006,3
state,NY,2007,1
state,NY,2008,2
state,NY,2009,2
state,NY,2010,3
state,NY,2011,7
state,NY,2012,7
state,NY,2013,12
state,NY,2014,15
state,NY,2015,35
state,NY,2016,43
state,NY,2017,55
state,NY,2018,59
state,NY,2019,59
state,NY,2020,56
state,NY,2021,57
state,NY,2022,61
state,NY,2023,78
state,NY,2024,70
state,NY,2025,87
state,NY,2026,61
state,NY,2027,108
state,NY,2028,110
state,NY,2029,101
state,NY,2030,112
state,NY,2031,73
state,NY,2032,98
state,NY,2033,107
state,NY,2034,118
state,NY,2035,145
state,NY,2036,67
state,NY,2037,44
state,NY,2038,38
state,NY,2039,45
state,NY,2040,34
state,NY,2041,31
state,NY,2042,33
state,NY,2043,26
state,NY,2044,40
state,NY,2045,41
state,NY,2046,63
state,NY,2047,48
state,NY,2048,49
state,NY,2049,44
state,NY,2050,51
state,NY,2051,15
state,NY,2052,1
state,OH,2005,1
state,OH,2006,2
state,OH,2010,1
state,OH,2011,8
state,OH,2012,16
state,OH,2013,6
state,OH,2014,17
state,OH,2015,27
state,OH,2016,43
state,OH,2017,48
state,OH,2018,42
state,OH,2019,51
state,OH,2020,55
state,OH,2021,69
state,OH,2022,76
state,OH,2023,81
state,OH,2024,86
state,OH,2025,105
state,OH,2026,110
state,OH,2027,103
state,OH,2028,107
state,OH,2029,91
state,OH,2030,98
state,OH,2031,125
state,OH,2032,131
state,OH,2033,96
state,OH,2034,122
state,OH,2035,107
state,OH,2036,64
state,OH,2037,42
state,OH,2038,54
state,OH,2039,40
state,OH,2040,44
state,OH,2041,57
state,OH,2042,38
state,OH,2043,39
state,OH,2044,44
state,OH,2045,42
state,OH,2046,67
state,OH,2047,42
state,OH,2048,46
state,OH,2049,53
state,OH,2050,34
state,OH,2051,15
state,OH,2052,1
state,OK,2004,3
state,OK,2007,1
state,OK,2010,1
state,OK,2011,2
state,OK,2012,2
state,OK,2013,6
state,OK,2014,3
state,OK,2015,4
state,OK,2016,14
state,OK,2017,9
state,OK,2018,10
state,OK,2019,12
state,OK,2020,20
state,OK,2021,19
state,OK,2022,21
state,OK,2023,21
state,OK,2024,24
state,OK,2025,21
state,OK,2026,41
state,OK,2027,34
state,OK,2028,34
state,OK,2029,23
state,OK,2030,44
state,OK,2031,36
state,OK,2032,36
state,OK,2033,25
state,OK,2034,28
state,OK,2035,23
state,OK,2036,17
state,OK,2037,15
state,OK,2038,15
state,OK,2039,13
state,OK,2040,16
state,OK,2041,23
state,OK,2042,12
state,OK,2043,6
state,OK,2044,9
state,OK,2045,8
state,OK,2046,17
state,OK,2047,10
state,OK,2048,9
state,OK,2049,9
state,OK,2050,8
state,OK,2051,3
state,OR,2011,5
state,OR,2012,1
state,OR,2013,1
state,OR,2014,2
state,OR,2015,2
state,OR,2016,8
state,OR,2017,7
state,OR,2018,9
state,OR,2019,17
state,OR,2020,20
state,OR,2021,19
state,OR,2022,25
state,OR,2023,17
state,OR,2024,17
state,OR,2025,17
state,OR,2026,40
state,OR,2027,29
state,OR,2028,29
state,OR,2029,28
state,OR,2030,27
state,OR,2031,32
state,OR,2032,35
state,OR,2033,29
state,OR,2034,41
state,OR,2035,55
state,OR,2036,22
state,OR,2037,31
state,OR,2038,25
state,OR,2039,20
state,OR,2040,20
state,OR,2041,14
state,OR,2042,15
state,OR,2043,13
state,OR,2044,16
state,OR,2045,27
state,OR,2046,44
state,OR,2047,29
state,OR,2048,12
state,OR,2049,9
state,OR,2050,19
state,OR,2051,3
state,PA,1999,4
state,PA,2005,1
state,PA,2006,1
state,PA,2007,2
state,PA,2010,1
state,PA,2011,5
state,PA,2012,3
state,PA,2013,6
state,PA,2014,3
state,PA,2015,13
state,PA,2016,13
state,PA,2017,17
state,PA,2018,23
state,PA,2019,24
state,PA,2020,45
state,PA,2021,37
state,PA,2022,38
state,PA,2023,36
state,PA,2024,47
state,PA,2025,67
state,PA,2026,59
state,PA,2027,49
state,PA,2028,64
state,PA,2029,61
state,PA,2030,77
state,PA,2031,73
state,PA,2032,78
state,PA,2033,72
state,PA,2034,94
state,PA,2035,110
state,PA,2036,43
state,PA,2037,32
state,PA,2038,49
state,PA,2039,39
state,PA,2040,44
state,PA,2041,37
state,PA,2042,40
state,PA,2043,21
state,PA,2044,33
state,PA,2045,33
state,PA,2046,52
state,PA,2047,50
state,PA,2048,27
state,PA,2049,29
state,PA,2050,38
state,PA,2051,13
state,PA,2052,1
state,RI,2005,1
state,RI,2012,2
state,RI,2013,1
state,RI,2014,2
state,RI,2015,3
state,RI,2016,7
state,RI,2017,5
state,RI,2018,2
state,RI,2019,6
state,RI,2020,7
state,RI,2021,4
state,RI,2022,21
state,RI,2023,6
state,RI,2024,6
state,RI,2025,10
state,RI,2026,16
state,RI,2027,10
state,RI,2028,8
state,RI,2029,8
state,RI,2030,18
state,RI,2031,8
state,RI,2032,4
state,RI,2033,10
state,RI,2034,11
state,RI,2035,14
state,RI,2036,9
state,RI,2037,9
state,RI,2038,3
state,RI,2039,4
state,RI,2040,4
state,RI,2041,8
state,RI,2042,3
state,RI,2043,1
state,RI,2044,7
state,RI,2045,9
state,RI,2046,8
state,RI,2047,2
state,RI,2048,7
state,RI,2049,3
state,RI,2050,4
state,SC,2013,2
state,SC,2015,4
state,SC,2016,5
state,SC,2017,1
state,SC,2018,6
state,SC,2019,3
state,SC,2020,5
state,SC,2021,12
state,SC,2022,11
state,SC,2023,15
state,SC,2024,18
state,SC,2025,20
state,SC,2026,19
state,SC,2027,24
state,SC,2028,25
state,SC,2029,22
state,SC,2030,25
state,SC,2031,28
state,SC,2032,21
state,SC,2033,19
state,SC,2034,39
state,SC,2035,40
state,SC,2036,19
state,SC,2037,17
state,SC,2038,13
state,SC,2039,16
state,SC,2040,13
state,SC,2041,12
state,SC,2042,17
state,SC,2043,15
state,SC,2044,8
state,SC,2045,22
state,SC,2046,21
state,SC,2047,15
state,SC,2048,10
state,SC,2049,16
state,SC,2050,12
state,SC,2051,7
state,SD,2011,2
state,SD,2014,1
state,SD,2015,1
state,SD,2016,2
state,SD,2017,1
state,SD,2018,2
state,SD,2019,4
state,SD,2020,6
state,SD,2021,6
state,SD,2022,9
state,SD,2023,4
state,SD,2024,8
state,SD,2025,6
state,SD,2026,8
state,SD,2027,10
state,SD,2028,9
state,SD,2029,16
state,SD,2030,9
state,SD,2031,15
state,SD,2032,8
state,SD,2033,14
state,SD,2034,2
state,SD,2035,8
state,SD,2036,4
state,SD,2037,10
state,SD,2038,8
state,SD,2039,2
state,SD,2040,12
state,SD,2041,5
state,SD,2042,6
state,SD,2043,6
state,SD,2044,3
state,SD,2045,7
state,SD,2046,20
state,SD,2047,5
state,SD,2048,8
state,SD,2049,8
state,SD,2050,10
state,SD,2051,5
state,TN,2003,1
state,TN,2005,1
state,TN,2006,1
state,TN,2011,1
state,TN,2012,3
state,TN,2013,1
state,TN,2014,1
state,TN,2015,5
state,TN,2016,4
state,TN,2017,3
state,TN,2018,7
state,TN,2019,6
state,TN,2020,16
state,TN,2021,5
state,TN,2022,18
state,TN,2023,15
state,TN,2024,21
state,TN,2025,16
state,TN,2026,24
state,TN,2027,30
state,TN,2028,23
state,TN,2029,30
state,TN,2030,32
state,TN,2031,26
state,TN,2032,27
state,TN,2033,15
state,TN,2034,48
state,TN,2035,45
state,TN,2036,15
state,TN,2037,12
state,TN,2038,13
state,TN,2039,16
state,TN,2040,17
state,TN,2041,20
state,TN,2042,16
state,TN,2043,11
state,TN,2044,8
state,TN,2045,12
state,TN,2046,11
state,TN,2047,11
state,TN,2048,14
state,TN,2049,14
state,TN,2050,13
state,TN,2051,8
state,TN,2052,2
state,TX,1993,1
state,TX,2002,1
state,TX,2006,2
state,TX,2008,1
state,TX,2009,1
state,TX,2010,2
state,TX,2011,4
state,TX,2012,7
state,TX,2013,11
state,TX,2014,14
state,TX,2015,32
state,TX,2016,34
state,TX,2017,57
state,TX,2018,62
state,TX,2019,66
state,TX,2020,113
state,TX,2021,113
state,TX,2022,113
state,TX,2023,138
state,TX,2024,146
state,TX,2025,185
state,TX,2026,185
state,TX,2027,181
state,TX,2028,193
state,TX,2029,193
state,TX,2030,210
state,TX,2031,200
state,TX,2032,210
state,TX,2033,234
state,TX,2034,283
state,TX,2035,298
state,TX,2036,170
state,TX,2037,96
state,TX,2038,102
state,TX,2039,98
state,TX,2040,104
state,TX,2041,96
state,TX,2042,109
state,TX,2043,101
state,TX,2044,94
state,TX,2045,112
state,TX,2046,131
state,TX,2047,112
state,TX,2048,85
state,TX,2049,103
state,TX,2050,93
state,TX,2051,48
state,TX,2052,2
state,UT,2002,1
state,UT,2006,1
state,UT,2010,3
state,UT,2012,4
state,UT,2013,8
state,UT,2014,12
state,UT,2015,23
state,UT,2016,24
state,UT,2017,19
state,UT,2018,16
state,UT,2019,25
state,UT,2020,35
state,UT,2021,41
state,UT,2022,43
state,UT,2023,54
state,UT,2024,51
state,UT,2025,65
state,UT,2026,67
state,UT,2027,54
state,UT,2028,73
state,UT,2029,55
state,UT,2030,55
state,UT,2031,71
state,UT,2032,63
state,UT,2033,51
state,UT,2034,78
state,UT,2035,76
state,UT,2036,57
state,UT,2037,43
state,UT,2038,30
state,UT,2039,19
state,UT,2040,25
state,UT,2041,21
state,UT,2042,18
state,UT,2043,39
state,UT,2044,47
state,UT,2045,58
state,UT,2046,68
state,UT,2047,50
state,UT,2048,39
state,UT,2049,41
state,UT,2050,32
state,UT,2051,15
state,UT,2052,1
state,VA,2004,1
state,VA,2010,1
state,VA,2011,3
state,VA,2012,3
state,VA,2013,5
state,VA,2014,3
state,VA,2015,12
state,VA,2016,14
state,VA,2017,16
state,VA,2018,14
state,VA,2019,18
state,VA,2020,25
state,VA,2021,29
state,VA,2022,33
state,VA,2023,25
state,VA,2024,44
state,VA,2025,50
state,VA,2026,58
state,VA,2027,53
state,VA,2028,39
state,VA,2029,50
state,VA,2030,51
state,VA,2031,42
state,VA,2032,40
state,VA,2033,35
state,VA,2034,56
state,VA,2035,67
state,VA,2036,42
state,VA,2037,41
state,VA,2038,27
state,VA,2039,22
state,VA,2040,22
state,VA,2041,22
state,VA,2042,27
state,VA,2043,21
state,VA,2044,34
state,VA,2045,22
state,VA,2046,37
state,VA,2047,25
state,VA,2048,16
state,VA,2049,25
state,VA,2050,22
state,VA,2051,8
state,VT,2014,2
state,VT,2015,3
state,VT,2016,1
state,VT,2017,6
state,VT,2018,3
state,VT,2019,3
state,VT,2020,4
state,VT,2021,4
state,VT,2022,3
state,VT,2023,3
state,VT,2024,3
state,VT,2025,6
state,VT,2026,8
state,VT,2027,4
state,VT,2028,5
state,VT,2029,8
state,VT,2030,5
state,VT,2031,2
state,VT,2032,3
state,VT,2033,3
state,VT,2034,3
state,VT,2035,7
state,VT,2036,6
state,VT,2037,1
state,VT,2038,3
state,VT,2040,2
state,VT,2041,3
state,VT,2042,4
state,VT,2044,5
state,VT,2045,4
state,VT,2046,1
state,VT,2047,2
state,VT,2048,1
state,VT,2049,4
state,VT,2050,6
state,WA,2005,1
state,WA,2010,2
state,WA,2011,2
state,WA,2012,9
state,WA,2013,4
state,WA,2014,5
state,WA,2015,11
state,WA,2016,18
state,WA,2017,15
state,WA,2018,27
state,WA,2019,28
state,WA,2020,51
state,WA,2021,44
state,WA,2022,43
state,WA,2023,56
state,WA,2024,51
state,WA,2025,51
state,WA,2026,64
state,WA,2027,60
state,WA,2028,66
state,WA,2029,79
state,WA,2030,66
state,WA,2031,59
state,WA,2032,75
state,WA,2033,56
state,WA,2034,71
state,WA,2035,98
state,WA,2036,45
state,WA,2037,40
state,WA,2038,39
state,WA,2039,19
state,WA,2040,26
state,WA,2041,34
state,WA,2042,29
state,WA,2043,31
state,WA,2044,47
state,WA,2045,50
state,WA,2046,58
state,WA,2047,31
state,WA,2048,30
state,WA,2049,30
state,WA,2050,33
state,WA,2051,15
state,WI,1998,1
state,WI,2001,1
state,WI,2004,1
state,WI,2005,2
state,WI,2006,3
state,WI,2009,1
state,WI,2010,2
state,WI,2011,4
state,WI,2012,3
state,WI,2013,3
state,WI,2014,18
state,WI,2015,10
state,WI,2016,29
state,WI,2017,29
state,WI,2018,29
state,WI,2019,32
state,WI,2020,43
state,WI,2021,55
state,WI,2022,59
state,WI,2023,56
state,WI,2024,69
state,WI,2025,81
state,WI,2026,82
state,WI,2027,97
state,WI,2028,82
state,WI,2029,67
state,WI,2030,89
state,WI,2031,95
state,WI,2032,98
state,WI,2033,70
state,WI,2034,72
state,WI,2035,82
state,WI,2036,63
state,WI,2037,34
state,WI,2038,32
state,WI,2039,38
state,WI,2040,48
state,WI,2041,29
state,WI,2042,42
state,WI,2043,29
state,WI,2044,29
state,WI,2045,40
state,WI,2046,67
state,WI,2047,42
state,WI,2048,41
state,WI,2049,33
state,WI,2050,36
state,WI,2051,7
state,WI,2052,1
state,WV,2003,1
state,WV,2011,1
state,WV,2013,2
state,WV,2017,2
state,WV,2018,1
state,WV,2019,4
state,WV,2020,4
state,WV,2021,3
state,WV,2024,6
state,WV,2025,2
state,WV,2026,5
state,WV,2027,5
state,WV,2028,4
state,WV,2029,2
state,WV,2030,11
state,WV,2031,7
state,WV,2032,3
state,WV,2033,3
state,WV,2034,7
state,WV,2035,5
state,WV,2036,1
state,WV,2037,8
state,WV,2038,4
state,WV,2039,4
state,WV,2040,5
state,WV,2041,6
state,WV,2042,2
state,WV,2043,6
state,WV,2044,4
state,WV,2045,3
state,WV,2046,6
state,WV,2047,3
state,WV,2048,3
state,WV,2049,2
state,WV,2050,1
state,WV,2051,1
state,WY,2012,1
state,WY,2014,1
state,WY,2016,2
state,WY,2017,1
state,WY,2018,3
state,WY,2019,4
state,WY,2020,1
state,WY,2021,2
state,WY,2022,4
state,WY,2023,2
state,WY,2024,3
state,WY,2025,8
state,WY,2026,4
state,WY,2027,6
state,WY,2028,3
state,WY,2029,3
state,WY,2030,4
state,WY,2031,4
state,WY,2032,8
state,WY,2033,2
state,WY,2034,4
state,WY,2035,7
state,WY,2036,4
state,WY,2037,5
state,WY,2038,3
state,WY,2039,4
state,WY,2040,5
state,WY,2041,3
state,WY,2042,1
state,WY,2043,3
state,WY,2044,3
state,WY,2045,1
state,WY,2046,3
state,WY,2047,1
state,WY,2048,3
state,WY,2049,8
state,WY,2050,6
state,WY,2051,3
vertical,auto_repair,1997,2
vertical,auto_repair,1999,2
vertical,auto_repair,2001,1
vertical,auto_repair,2002,2
vertical,auto_repair,2003,2
vertical,auto_repair,2004,1
vertical,auto_repair,2005,3
vertical,auto_repair,2006,7
vertical,auto_repair,2007,3
vertical,auto_repair,2009,3
vertical,auto_repair,2010,6
vertical,auto_repair,2011,20
vertical,auto_repair,2012,35
vertical,auto_repair,2013,58
vertical,auto_repair,2014,71
vertical,auto_repair,2015,116
vertical,auto_repair,2016,188
vertical,auto_repair,2017,164
vertical,auto_repair,2018,187
vertical,auto_repair,2019,211
vertical,auto_repair,2020,246
vertical,auto_repair,2021,306
vertical,auto_repair,2022,339
vertical,auto_repair,2023,402
vertical,auto_repair,2024,454
vertical,auto_repair,2025,527
vertical,auto_repair,2026,574
vertical,auto_repair,2027,586
vertical,auto_repair,2028,540
vertical,auto_repair,2029,497
vertical,auto_repair,2030,566
vertical,auto_repair,2031,568
vertical,auto_repair,2032,607
vertical,auto_repair,2033,612
vertical,auto_repair,2034,748
vertical,auto_repair,2035,914
vertical,auto_repair,2036,492
vertical,auto_repair,2037,443
vertical,auto_repair,2038,374
vertical,auto_repair,2039,327
vertical,auto_repair,2040,380
vertical,auto_repair,2041,348
vertical,auto_repair,2042,337
vertical,auto_repair,2043,352
vertical,auto_repair,2044,426
vertical,auto_repair,2045,488
vertical,auto_repair,2046,609
vertical,auto_repair,2047,528
vertical,auto_repair,2048,449
vertical,auto_repair,2049,468
vertical,auto_repair,2050,502
vertical,auto_repair,2051,166
vertical,auto_repair,2052,4
vertical,auto_repair,2056,1
vertical,dental,2001,1
vertical,dental,2005,1
vertical,dental,2007,3
vertical,dental,2008,1
vertical,dental,2009,1
vertical,dental,2010,3
vertical,dental,2011,18
vertical,dental,2012,28
vertical,dental,2013,23
vertical,dental,2014,53
vertical,dental,2015,88
vertical,dental,2016,151
vertical,dental,2017,176
vertical,dental,2018,186
vertical,dental,2019,239
vertical,dental,2020,395
vertical,dental,2021,369
vertical,dental,2022,394
vertical,dental,2023,403
vertical,dental,2024,433
vertical,dental,2025,532
vertical,dental,2026,575
vertical,dental,2027,608
vertical,dental,2028,495
vertical,dental,2029,537
vertical,dental,2030,581
vertical,dental,2031,488
vertical,dental,2032,406
vertical,dental,2033,324
vertical,dental,2034,413
vertical,dental,2035,582
vertical,dental,2036,406
vertical,dental,2037,374
vertical,dental,2038,339
vertical,dental,2039,322
vertical,dental,2040,340
vertical,dental,2041,410
vertical,dental,2042,386
vertical,dental,2043,338
vertical,dental,2044,300
vertical,dental,2045,323
vertical,dental,2046,525
vertical,dental,2047,370
vertical,dental,2048,255
vertical,dental,2049,295
vertical,dental,2050,300
vertical,dental,2051,132
vertical,dental,2052,10
vertical,funeral_homes,2002,1
vertical,funeral_homes,2013,1
vertical,funeral_homes,2015,2
vertical,funeral_homes,2016,6
vertical,funeral_homes,2017,7
vertical,funeral_homes,2018,6
vertical,funeral_homes,2019,20
vertical,funeral_homes,2020,18
vertical,funeral_homes,2021,58
vertical,funeral_homes,2022,47
vertical,funeral_homes,2023,44
vertical,funeral_homes,2024,76
vertical,funeral_homes,2025,65
vertical,funeral_homes,2026,58
vertical,funeral_homes,2027,96
vertical,funeral_homes,2028,77
vertical,funeral_homes,2029,91
vertical,funeral_homes,2030,90
vertical,funeral_homes,2031,97
vertical,funeral_homes,2032,102
vertical,funeral_homes,2033,89
vertical,funeral_homes,2034,92
vertical,funeral_homes,2035,109
vertical,funeral_homes,2036,82
vertical,funeral_homes,2037,99
vertical,funeral_homes,2038,120
vertical,funeral_homes,2039,83
vertical,funeral_homes,2040,100
vertical,funeral_homes,2041,101
vertical,funeral_homes,2042,125
vertical,funeral_homes,2043,81
vertical,funeral_homes,2044,86
vertical,funeral_homes,2045,91
vertical,funeral_homes,2046,109
vertical,funeral_homes,2047,71
vertical,funeral_homes,2048,48
vertical,funeral_homes,2049,51
vertical,funeral_homes,2050,69
vertical,funeral_homes,2051,12
vertical,hvac_plumbing,2010,1
vertical,hvac_plumbing,2011,8
vertical,hvac_plumbing,2012,8
vertical,hvac_plumbing,2013,13
vertical,hvac_plumbing,2014,10
vertical,hvac_plumbing,2015,22
vertical,hvac_plumbing,2016,37
vertical,hvac_plumbing,2017,62
vertical,hvac_plumbing,2018,55
vertical,hvac_plumbing,2019,63
vertical,hvac_plumbing,2020,84
vertical,hvac_plumbing,2021,83
vertical,hvac_plumbing,2022,111
vertical,hvac_plumbing,2023,108
vertical,hvac_plumbing,2024,139
vertical,hvac_plumbing,2025,170
vertical,hvac_plumbing,2026,252
vertical,hvac_plumbing,2027,260
vertical,hvac_plumbing,2028,248
vertical,hvac_plumbing,2029,266
vertical,hvac_plumbing,2030,266
vertical,hvac_plumbing,2031,261
vertical,hvac_plumbing,2032,347
vertical,hvac_plumbing,2033,384
vertical,hvac_plumbing,2034,552
vertical,hvac_plumbing,2035,557
vertical,hvac_plumbing,2036,224
vertical,hvac_plumbing,2037,122
vertical,hvac_plumbing,2038,112
vertical,hvac_plumbing,2039,90
vertical,hvac_plumbing,2040,81
vertical,hvac_plumbing,2041,84
vertical,hvac_plumbing,2042,88
vertical,hvac_plumbing,2043,87
vertical,hvac_plumbing,2044,99
vertical,hvac_plumbing,2045,147
vertical,hvac_plumbing,2046,200
vertical,hvac_plumbing,2047,144
vertical,hvac_plumbing,2048,136
vertical,hvac_plumbing,2049,155
vertical,hvac_plumbing,2050,188
vertical,hvac_plumbing,2051,40
vertical,hvac_plumbing,2052,1
vertical,landscaping,1999,1
vertical,landscaping,2010,1
vertical,landscaping,2011,3
vertical,landscaping,2012,4
vertical,landscaping,2013,4
vertical,landscaping,2014,12
vertical,landscaping,2015,22
vertical,landscaping,2016,27
vertical,landscaping,2017,39
vertical,landscaping,2018,52
vertical,landscaping,2019,55
vertical,landscaping,2020,75
vertical,landscaping,2021,95
vertical,landscaping,2022,107
vertical,landscaping,2023,118
vertical,landscaping,2024,167
vertical,landscaping,2025,144
vertical,landscaping,2026,188
vertical,landscaping,2027,203
vertical,landscaping,2028,229
vertical,landscaping,2029,245
vertical,landscaping,2030,219
vertical,landscaping,2031,287
vertical,landscaping,2032,247
vertical,landscaping,2033,288
vertical,landscaping,2034,406
vertical,landscaping,2035,350
vertical,landscaping,2036,171
vertical,landscaping,2037,68
vertical,landscaping,2038,72
vertical,landscaping,2039,60
vertical,landscaping,2040,72
vertical,landscaping,2041,67
vertical,landscaping,2042,52
vertical,landscaping,2043,63
vertical,landscaping,2044,67
vertical,landscaping,2045,106
vertical,landscaping,2046,131
vertical,landscaping,2047,100
vertical,landscaping,2048,90
vertical,landscaping,2049,90
vertical,landscaping,2050,76
vertical,landscaping,2051,23
vertical,manufacturing,1993,1
vertical,manufacturing,1996,1
vertical,manufacturing,1998,1
vertical,manufacturing,2001,2
vertical,manufacturing,2002,7
vertical,manufacturing,2003,8
vertical,manufacturing,2004,8
vertical,manufacturing,2005,13
vertical,manufacturing,2006,12
vertical,manufacturing,2007,10
vertical,manufacturing,2008,5
vertical,manufacturing,2009,6
vertical,manufacturing,2010,20
vertical,manufacturing,2011,82
vertical,manufacturing,2012,81
vertical,manufacturing,2013,83
vertical,manufacturing,2014,140
vertical,manufacturing,2015,218
vertical,manufacturing,2016,285
vertical,manufacturing,2017,302
vertical,manufacturing,2018,295
vertical,manufacturing,2019,375
vertical,manufacturing,2020,475
vertical,manufacturing,2021,516
vertical,manufacturing,2022,604
vertical,manufacturing,2023,610
vertical,manufacturing,2024,670
vertical,manufacturing,2025,721
vertical,manufacturing,2026,788
vertical,manufacturing,2027,743
vertical,manufacturing,2028,748
vertical,manufacturing,2029,627
vertical,manufacturing,2030,667
vertical,manufacturing,2031,772
vertical,manufacturing,2032,728
vertical,manufacturing,2033,608
vertical,manufacturing,2034,682
vertical,manufacturing,2035,712
vertical,manufacturing,2036,418
vertical,manufacturing,2037,334
vertical,manufacturing,2038,246
vertical,manufacturing,2039,183
vertical,manufacturing,2040,193
vertical,manufacturing,2041,213
vertical,manufacturing,2042,179
vertical,manufacturing,2043,186
vertical,manufacturing,2044,239
vertical,manufacturing,2045,291
vertical,manufacturing,2046,411
vertical,manufacturing,2047,272
vertical,manufacturing,2048,200
vertical,manufacturing,2049,224
vertical,manufacturing,2050,195
vertical,manufacturing,2051,74
vertical,manufacturing,2052,1
vertical,veterinary,1999,1
vertical,veterinary,2003,1
vertical,veterinary,2007,2
vertical,veterinary,2010,3
vertical,veterinary,2011,10
vertical,veterinary,2012,16
vertical,veterinary,2013,18
vertical,veterinary,2014,26
vertical,veterinary,2015,36
vertical,veterinary,2016,61
vertical,veterinary,2017,49
vertical,veterinary,2018,69
vertical,veterinary,2019,89
vertical,veterinary,2020,117
vertical,veterinary,2021,138
vertical,veterinary,2022,148
vertical,veterinary,2023,164
vertical,veterinary,2024,160
vertical,veterinary,2025,228
vertical,veterinary,2026,204
vertical,veterinary,2027,241
vertical,veterinary,2028,179
vertical,veterinary,2029,201
vertical,veterinary,2030,200
vertical,veterinary,2031,178
vertical,veterinary,2032,161
vertical,veterinary,2033,105
vertical,veterinary,2034,163
vertical,veterinary,2035,286
vertical,veterinary,2036,199
vertical,veterinary,2037,205
vertical,veterinary,2038,193
vertical,veterinary,2039,186
vertical,veterinary,2040,204
vertical,veterinary,2041,180
vertical,veterinary,2042,171
vertical,veterinary,2043,149
vertical,veterinary,2044,140
vertical,veterinary,2045,146
vertical,veterinary,2046,178
vertical,veterinary,2047,139
vertical,veterinary,2048,103
vertical,veterinary,2049,123
vertical,veterinary,2050,124
vertical,veterinary,2051,85
vertical,veterinary,2052,8
metro,atlanta_sandy_springs_alpharetta_ga,2003,1
metro,atlanta_sandy_springs_alpharetta_ga,2005,1
metro,atlanta_sandy_springs_alpharetta_ga,2011,2
metro,atlanta_sandy_springs_alpharetta_ga,2012,3
metro,atlanta_sandy_springs_alpharetta_ga,2013,4
metro,atlanta_sandy_springs_alpharetta_ga,2014,1
metro,atlanta_sandy_springs_alpharetta_ga,2015,3
metro,atlanta_sandy_springs_alpharetta_ga,2016,7
metro,atlanta_sandy_springs_alpharetta_ga,2017,9
metro,atlanta_sandy_springs_alpharetta_ga,2018,12
metro,atlanta_sandy_springs_alpharetta_ga,2019,13
metro,atlanta_sandy_springs_alpharetta_ga,2020,23
metro,atlanta_sandy_springs_alpharetta_ga,2021,17
metro,atlanta_sandy_springs_alpharetta_ga,2022,30
metro,atlanta_sandy_springs_alpharetta_ga,2023,25
metro,atlanta_sandy_springs_alpharetta_ga,2024,29
metro,atlanta_sandy_springs_alpharetta_ga,2025,45
metro,atlanta_sandy_springs_alpharetta_ga,2026,55
metro,atlanta_sandy_springs_alpharetta_ga,2027,50
metro,atlanta_sandy_springs_alpharetta_ga,2028,56
metro,atlanta_sandy_springs_alpharetta_ga,2029,37
metro,atlanta_sandy_springs_alpharetta_ga,2030,44
metro,atlanta_sandy_springs_alpharetta_ga,2031,48
metro,atlanta_sandy_springs_alpharetta_ga,2032,49
metro,atlanta_sandy_springs_alpharetta_ga,2033,41
metro,atlanta_sandy_springs_alpharetta_ga,2034,47
metro,atlanta_sandy_springs_alpharetta_ga,2035,73
metro,atlanta_sandy_springs_alpharetta_ga,2036,38
metro,atlanta_sandy_springs_alpharetta_ga,2037,37
metro,atlanta_sandy_springs_alpharetta_ga,2038,35
metro,atlanta_sandy_springs_alpharetta_ga,2039,26
metro,atlanta_sandy_springs_alpharetta_ga,2040,33
metro,atlanta_sandy_springs_alpharetta_ga,2041,31
metro,atlanta_sandy_springs_alpharetta_ga,2042,27
metro,atlanta_sandy_springs_alpharetta_ga,2043,38
metro,atlanta_sandy_springs_alpharetta_ga,2044,44
metro,atlanta_sandy_springs_alpharetta_ga,2045,36
metro,atlanta_sandy_springs_alpharetta_ga,2046,43
metro,atlanta_sandy_springs_alpharetta_ga,2047,29
metro,atlanta_sandy_springs_alpharetta_ga,2048,31
metro,atlanta_sandy_springs_alpharetta_ga,2049,24
metro,atlanta_sandy_springs_alpharetta_ga,2050,22
metro,atlanta_sandy_springs_alpharetta_ga,2051,12
metro,atlanta_sandy_springs_alpharetta_ga,2052,1
metro,austin,2013,1
metro,austin,2014,2
metro,austin,2015,6
metro,austin,2016,4
metro,austin,2017,5
metro,austin,2018,5
metro,austin,2019,6
metro,austin,2020,17
metro,austin,2021,10
metro,austin,2022,16
metro,austin,2023,13
metro,austin,2024,10
metro,austin,2025,16
metro,austin,2026,22
metro,austin,2027,14
metro,austin,2028,20
metro,austin,2029,28
metro,austin,2030,26
metro,austin,2031,11
metro,austin,2032,27
metro,austin,2033,26
metro,austin,2034,29
metro,austin,2035,42
metro,austin,2036,16
metro,austin,2037,9
metro,austin,2038,11
metro,austin,2039,11
metro,austin,2040,13
metro,austin,2041,3
metro,austin,2042,11
metro,austin,2043,5
metro,austin,2044,6
metro,austin,2045,8
metro,austin,2046,19
metro,austin,2047,15
metro,austin,2048,11
metro,austin,2049,18
metro,austin,2050,15
metro,austin,2051,6
metro,boston_cambridge_newton_ma_nh,2001,1
metro,boston_cambridge_newton_ma_nh,2002,1
metro,boston_cambridge_newton_ma_nh,2007,1
metro,boston_cambridge_newton_ma_nh,2011,4
metro,boston_cambridge_newton_ma_nh,2012,4
metro,boston_cambridge_newton_ma_nh,2013,4
metro,boston_cambridge_newton_ma_nh,2014,4
metro,boston_cambridge_newton_ma_nh,2015,4
metro,boston_cambridge_newton_ma_nh,2016,14
metro,boston_cambridge_newton_ma_nh,2017,21
metro,boston_cambridge_newton_ma_nh,2018,20
metro,boston_cambridge_newton_ma_nh,2019,27
metro,boston_cambridge_newton_ma_nh,2020,19
metro,boston_cambridge_newton_ma_nh,2021,27
metro,boston_cambridge_newton_ma_nh,2022,35
metro,boston_cambridge_newton_ma_nh,2023,43
metro,boston_cambridge_newton_ma_nh,2024,33
metro,boston_cambridge_newton_ma_nh,2025,46
metro,boston_cambridge_newton_ma_nh,2026,43
metro,boston_cambridge_newton_ma_nh,2027,38
metro,boston_cambridge_newton_ma_nh,2028,42
metro,boston_cambridge_newton_ma_nh,2029,65
metro,boston_cambridge_newton_ma_nh,2030,47
metro,boston_cambridge_newton_ma_nh,2031,60
metro,boston_cambridge_newton_ma_nh,2032,42
metro,boston_cambridge_newton_ma_nh,2033,48
metro,boston_cambridge_newton_ma_nh,2034,71
metro,boston_cambridge_newton_ma_nh,2035,69
metro,boston_cambridge_newton_ma_nh,2036,41
metro,boston_cambridge_newton_ma_nh,2037,26
metro,boston_cambridge_newton_ma_nh,2038,21
metro,boston_cambridge_newton_ma_nh,2039,18
metro,boston_cambridge_newton_ma_nh,2040,19
metro,boston_cambridge_newton_ma_nh,2041,18
metro,boston_cambridge_newton_ma_nh,2042,13
metro,boston_cambridge_newton_ma_nh,2043,22
metro,boston_cambridge_newton_ma_nh,2044,26
metro,boston_cambridge_newton_ma_nh,2045,35
metro,boston_cambridge_newton_ma_nh,2046,33
metro,boston_cambridge_newton_ma_nh,2047,30
metro,boston_cambridge_newton_ma_nh,2048,21
metro,boston_cambridge_newton_ma_nh,2049,31
metro,boston_cambridge_newton_ma_nh,2050,21
metro,boston_cambridge_newton_ma_nh,2051,8
metro,charlotte_concord_gastonia_nc_sc,2003,1
metro,charlotte_concord_gastonia_nc_sc,2012,1
metro,charlotte_concord_gastonia_nc_sc,2013,2
metro,charlotte_concord_gastonia_nc_sc,2014,4
metro,charlotte_concord_gastonia_nc_sc,2015,3
metro,charlotte_concord_gastonia_nc_sc,2016,9
metro,charlotte_concord_gastonia_nc_sc,2017,8
metro,charlotte_concord_gastonia_nc_sc,2018,9
metro,charlotte_concord_gastonia_nc_sc,2019,2
metro,charlotte_concord_gastonia_nc_sc,2020,7
metro,charlotte_concord_gastonia_nc_sc,2021,6
metro,charlotte_concord_gastonia_nc_sc,2022,13
metro,charlotte_concord_gastonia_nc_sc,2023,10
metro,charlotte_concord_gastonia_nc_sc,2024,19
metro,charlotte_concord_gastonia_nc_sc,2025,25
metro,charlotte_concord_gastonia_nc_sc,2026,17
metro,charlotte_concord_gastonia_nc_sc,2027,37
metro,charlotte_concord_gastonia_nc_sc,2028,16
metro,charlotte_concord_gastonia_nc_sc,2029,26
metro,charlotte_concord_gastonia_nc_sc,2030,17
metro,charlotte_concord_gastonia_nc_sc,2031,23
metro,charlotte_concord_gastonia_nc_sc,2032,20
metro,charlotte_concord_gastonia_nc_sc,2033,17
metro,charlotte_concord_gastonia_nc_sc,2034,26
metro,charlotte_concord_gastonia_nc_sc,2035,32
metro,charlotte_concord_gastonia_nc_sc,2036,21
metro,charlotte_concord_gastonia_nc_sc,2037,19
metro,charlotte_concord_gastonia_nc_sc,2038,7
metro,charlotte_concord_gastonia_nc_sc,2039,11
metro,charlotte_concord_gastonia_nc_sc,2040,9
metro,charlotte_concord_gastonia_nc_sc,2041,17
metro,charlotte_concord_gastonia_nc_sc,2042,15
metro,charlotte_concord_gastonia_nc_sc,2043,12
metro,charlotte_concord_gastonia_nc_sc,2044,9
metro,charlotte_concord_gastonia_nc_sc,2045,8
metro,charlotte_concord_gastonia_nc_sc,2046,10
metro,charlotte_concord_gastonia_nc_sc,2047,12
metro,charlotte_concord_gastonia_nc_sc,2048,10
metro,charlotte_concord_gastonia_nc_sc,2049,13
metro,charlotte_concord_gastonia_nc_sc,2050,11
metro,charlotte_concord_gastonia_nc_sc,2051,4
metro,chicago_naperville_elgin_il_in_wi,1996,1
metro,chicago_naperville_elgin_il_in_wi,1997,1
metro,chicago_naperville_elgin_il_in_wi,2002,2
metro,chicago_naperville_elgin_il_in_wi,2005,1
metro,chicago_naperville_elgin_il_in_wi,2007,2
metro,chicago_naperville_elgin_il_in_wi,2011,1
metro,chicago_naperville_elgin_il_in_wi,2012,4
metro,chicago_naperville_elgin_il_in_wi,2013,12
metro,chicago_naperville_elgin_il_in_wi,2014,9
metro,chicago_naperville_elgin_il_in_wi,2015,20
metro,chicago_naperville_elgin_il_in_wi,2016,30
metro,chicago_naperville_elgin_il_in_wi,2017,21
metro,chicago_naperville_elgin_il_in_wi,2018,31
metro,chicago_naperville_elgin_il_in_wi,2019,49
metro,chicago_naperville_elgin_il_in_wi,2020,43
metro,chicago_naperville_elgin_il_in_wi,2021,55
metro,chicago_naperville_elgin_il_in_wi,2022,74
metro,chicago_naperville_elgin_il_in_wi,2023,68
metro,chicago_naperville_elgin_il_in_wi,2024,87
metro,chicago_naperville_elgin_il_in_wi,2025,83
metro,chicago_naperville_elgin_il_in_wi,2026,86
metro,chicago_naperville_elgin_il_in_wi,2027,95
metro,chicago_naperville_elgin_il_in_wi,2028,83
metro,chicago_naperville_elgin_il_in_wi,2029,90
metro,chicago_naperville_elgin_il_in_wi,2030,76
metro,chicago_naperville_elgin_il_in_wi,2031,96
metro,chicago_naperville_elgin_il_in_wi,2032,125
metro,chicago_naperville_elgin_il_in_wi,2033,85
metro,chicago_naperville_elgin_il_in_wi,2034,106
metro,chicago_naperville_elgin_il_in_wi,2035,96
metro,chicago_naperville_elgin_il_in_wi,2036,65
metro,chicago_naperville_elgin_il_in_wi,2037,74
metro,chicago_naperville_elgin_il_in_wi,2038,52
metro,chicago_naperville_elgin_il_in_wi,2039,46
metro,chicago_naperville_elgin_il_in_wi,2040,45
metro,chicago_naperville_elgin_il_in_wi,2041,43
metro,chicago_naperville_elgin_il_in_wi,2042,36
metro,chicago_naperville_elgin_il_in_wi,2043,41
metro,chicago_naperville_elgin_il_in_wi,2044,38
metro,chicago_naperville_elgin_il_in_wi,2045,46
metro,chicago_naperville_elgin_il_in_wi,2046,92
metro,chicago_naperville_elgin_il_in_wi,2047,56
metro,chicago_naperville_elgin_il_in_wi,2048,42
metro,chicago_naperville_elgin_il_in_wi,2049,40
metro,chicago_naperville_elgin_il_in_wi,2050,57
metro,chicago_naperville_elgin_il_in_wi,2051,22
metro,cincinnati_oh_ky_in,2012,4
metro,cincinnati_oh_ky_in,2013,3
metro,cincinnati_oh_ky_in,2014,4
metro,cincinnati_oh_ky_in,2015,6
metro,cincinnati_oh_ky_in,2016,8
metro,cincinnati_oh_ky_in,2017,9
metro,cincinnati_oh_ky_in,2018,8
metro,cincinnati_oh_ky_in,2019,11
metro,cincinnati_oh_ky_in,2020,9
metro,cincinnati_oh_ky_in,2021,7
metro,cincinnati_oh_ky_in,2022,15
metro,cincinnati_oh_ky_in,2023,13
metro,cincinnati_oh_ky_in,2024,15
metro,cincinnati_oh_ky_in,2025,27
metro,cincinnati_oh_ky_in,2026,19
metro,cincinnati_oh_ky_in,2027,26
metro,cincinnati_oh_ky_in,2028,17
metro,cincinnati_oh_ky_in,2029,16
metro,cincinnati_oh_ky_in,2030,27
metro,cincinnati_oh_ky_in,2031,29
metro,cincinnati_oh_ky_in,2032,24
metro,cincinnati_oh_ky_in,2033,14
metro,cincinnati_oh_ky_in,2034,17
metro,cincinnati_oh_ky_in,2035,20
metro,cincinnati_oh_ky_in,2036,13
metro,cincinnati_oh_ky_in,2037,7
metro,cincinnati_oh_ky_in,2038,8
metro,cincinnati_oh_ky_in,2039,6
metro,cincinnati_oh_ky_in,2040,7
metro,cincinnati_oh_ky_in,2041,11
metro,cincinnati_oh_ky_in,2042,10
metro,cincinnati_oh_ky_in,2043,9
metro,cincinnati_oh_ky_in,2044,6
metro,cincinnati_oh_ky_in,2045,8
metro,cincinnati_oh_ky_in,2046,18
metro,cincinnati_oh_ky_in,2047,11
metro,cincinnati_oh_ky_in,2048,6
metro,cincinnati_oh_ky_in,2049,11
metro,cincinnati_oh_ky_in,2050,10
metro,cincinnati_oh_ky_in,2051,1
metro,cleveland_elyria_oh,2011,2
metro,cleveland_elyria_oh,2012,1
metro,cleveland_elyria_oh,2013,3
metro,cleveland_elyria_oh,2014,5
metro,cleveland_elyria_oh,2015,4
metro,cleveland_elyria_oh,2016,10
metro,cleveland_elyria_oh,2017,8
metro,cleveland_elyria_oh,2018,9
metro,cleveland_elyria_oh,2019,14
metro,cleveland_elyria_oh,2020,12
metro,cleveland_elyria_oh,2021,13
metro,cleveland_elyria_oh,2022,11
metro,cleveland_elyria_oh,2023,21
metro,cleveland_elyria_oh,2024,24
metro,cleveland_elyria_oh,2025,23
metro,cleveland_elyria_oh,2026,18
metro,cleveland_elyria_oh,2027,29
metro,cleveland_elyria_oh,2028,19
metro,cleveland_elyria_oh,2029,24
metro,cleveland_elyria_oh,2030,19
metro,cleveland_elyria_oh,2031,28
metro,cleveland_elyria_oh,2032,41
metro,cleveland_elyria_oh,2033,19
metro,cleveland_elyria_oh,2034,31
metro,cleveland_elyria_oh,2035,27
metro,cleveland_elyria_oh,2036,14
metro,cleveland_elyria_oh,2037,9
metro,cleveland_elyria_oh,2038,10
metro,cleveland_elyria_oh,2039,11
metro,cleveland_elyria_oh,2040,9
metro,cleveland_elyria_oh,2041,10
metro,cleveland_elyria_oh,2042,12
metro,cleveland_elyria_oh,2043,12
metro,cleveland_elyria_oh,2044,9
metro,cleveland_elyria_oh,2045,10
metro,cleveland_elyria_oh,2046,12
metro,cleveland_elyria_oh,2047,11
metro,cleveland_elyria_oh,2048,9
metro,cleveland_elyria_oh,2049,8
metro,cleveland_elyria_oh,2050,5
metro,cleveland_elyria_oh,2051,1
metro,cleveland_elyria_oh,2052,1
metro,columbus_oh,2006,1
metro,columbus_oh,2010,1
metro,columbus_oh,2011,2
metro,columbus_oh,2012,3
metro,columbus_oh,2013,2
metro,columbus_oh,2014,6
metro,columbus_oh,2015,6
metro,columbus_oh,2016,9
metro,columbus_oh,2017,9
metro,columbus_oh,2018,9
metro,columbus_oh,2019,6
metro,columbus_oh,2020,8
metro,columbus_oh,2021,14
metro,columbus_oh,2022,14
metro,columbus_oh,2023,8
metro,columbus_oh,2024,9
metro,columbus_oh,2025,17
metro,columbus_oh,2026,17
metro,columbus_oh,2027,9
metro,columbus_oh,2028,21
metro,columbus_oh,2029,13
metro,columbus_oh,2030,14
metro,columbus_oh,2031,16
metro,columbus_oh,2032,22
metro,columbus_oh,2033,27
metro,columbus_oh,2034,23
metro,columbus_oh,2035,19
metro,columbus_oh,2036,13
metro,columbus_oh,2037,6
metro,columbus_oh,2038,16
metro,columbus_oh,2039,7
metro,columbus_oh,2040,9
metro,columbus_oh,2041,14
metro,columbus_oh,2042,5
metro,columbus_oh,2043,5
metro,columbus_oh,2044,12
metro,columbus_oh,2045,8
metro,columbus_oh,2046,12
metro,columbus_oh,2047,9
metro,columbus_oh,2048,10
metro,columbus_oh,2049,11
metro,columbus_oh,2050,2
metro,columbus_oh,2051,4
metro,dallas_fort_worth,2002,1
metro,dallas_fort_worth,2006,1
metro,dallas_fort_worth,2008,1
metro,dallas_fort_worth,2011,1
metro,dallas_fort_worth,2012,4
metro,dallas_fort_worth,2013,1
metro,dallas_fort_worth,2014,3
metro,dallas_fort_worth,2015,10
metro,dallas_fort_worth,2016,15
metro,dallas_fort_worth,2017,21
metro,dallas_fort_worth,2018,23
metro,dallas_fort_worth,2019,22
metro,dallas_fort_worth,2020,44
metro,dallas_fort_worth,2021,35
metro,dallas_fort_worth,2022,29
metro,dallas_fort_worth,2023,44
metro,dallas_fort_worth,2024,42
metro,dallas_fort_worth,2025,59
metro,dallas_fort_worth,2026,56
metro,dallas_fort_worth,2027,67
metro,dallas_fort_worth,2028,57
metro,dallas_fort_worth,2029,57
metro,dallas_fort_worth,2030,66
metro,dallas_fort_worth,2031,69
metro,dallas_fort_worth,2032,74
metro,dallas_fort_worth,2033,103
metro,dallas_fort_worth,2034,113
metro,dallas_fort_worth,2035,115
metro,dallas_fort_worth,2036,64
metro,dallas_fort_worth,2037,35
metro,dallas_fort_worth,2038,38
metro,dallas_fort_worth,2039,33
metro,dallas_fort_worth,2040,37
metro,dallas_fort_worth,2041,43
metro,dallas_fort_worth,2042,42
metro,dallas_fort_worth,2043,31
metro,dallas_fort_worth,2044,28
metro,dallas_fort_worth,2045,39
metro,dallas_fort_worth,2046,45
metro,dallas_fort_worth,2047,35
metro,dallas_fort_worth,2048,24
metro,dallas_fort_worth,2049,25
metro,dallas_fort_worth,2050,26
metro,dallas_fort_worth,2051,15
metro,dallas_fort_worth,2052,1
metro,denver_aurora_lakewood_co,2010,1
metro,denver_aurora_lakewood_co,2011,1
metro,denver_aurora_lakewood_co,2012,1
metro,denver_aurora_lakewood_co,2013,3
metro,denver_aurora_lakewood_co,2014,5
metro,denver_aurora_lakewood_co,2015,4
metro,denver_aurora_lakewood_co,2016,10
metro,denver_aurora_lakewood_co,2017,8
metro,denver_aurora_lakewood_co,2018,12
metro,denver_aurora_lakewood_co,2019,10
metro,denver_aurora_lakewood_co,2020,24
metro,denver_aurora_lakewood_co,2021,26
metro,denver_aurora_lakewood_co,2022,30
metro,denver_aurora_lakewood_co,2023,34
metro,denver_aurora_lakewood_co,2024,33
metro,denver_aurora_lakewood_co,2025,38
metro,denver_aurora_lakewood_co,2026,42
metro,denver_aurora_lakewood_co,2027,43
metro,denver_aurora_lakewood_co,2028,54
metro,denver_aurora_lakewood_co,2029,48
metro,denver_aurora_lakewood_co,2030,40
metro,denver_aurora_lakewood_co,2031,49
metro,denver_aurora_lakewood_co,2032,46
metro,denver_aurora_lakewood_co,2033,34
metro,denver_aurora_lakewood_co,2034,41
metro,denver_aurora_lakewood_co,2035,63
metro,denver_aurora_lakewood_co,2036,37
metro,denver_aurora_lakewood_co,2037,23
metro,denver_aurora_lakewood_co,2038,27
metro,denver_aurora_lakewood_co,2039,20
metro,denver_aurora_lakewood_co,2040,32
metro,denver_aurora_lakewood_co,2041,22
metro,denver_aurora_lakewood_co,2042,21
metro,denver_aurora_lakewood_co,2043,25
metro,denver_aurora_lakewood_co,2044,28
metro,denver_aurora_lakewood_co,2045,39
metro,denver_aurora_lakewood_co,2046,50
metro,denver_aurora_lakewood_co,2047,44
metro,denver_aurora_lakewood_co,2048,27
metro,denver_aurora_lakewood_co,2049,18
metro,denver_aurora_lakewood_co,2050,19
metro,denver_aurora_lakewood_co,2051,10
metro,denver_aurora_lakewood_co,2052,1
metro,detroit_warren_dearborn_mi,2005,1
metro,detroit_warren_dearborn_mi,2010,2
metro,detroit_warren_dearborn_mi,2011,4
metro,detroit_warren_dearborn_mi,2012,3
metro,detroit_warren_dearborn_mi,2013,6
metro,detroit_warren_dearborn_mi,2014,7
metro,detroit_warren_dearborn_mi,2015,9
metro,detroit_warren_dearborn_mi,2016,12
metro,detroit_warren_dearborn_mi,2017,13
metro,detroit_warren_dearborn_mi,2018,10
metro,detroit_warren_dearborn_mi,2019,21
metro,detroit_warren_dearborn_mi,2020,16
metro,detroit_warren_dearborn_mi,2021,24
metro,detroit_warren_dearborn_mi,2022,28
metro,detroit_warren_dearborn_mi,2023,26
metro,detroit_warren_dearborn_mi,2024,40
metro,detroit_warren_dearborn_mi,2025,41
metro,detroit_warren_dearborn_mi,2026,33
metro,detroit_warren_dearborn_mi,2027,32
metro,detroit_warren_dearborn_mi,2028,41
metro,detroit_warren_dearborn_mi,2029,41
metro,detroit_warren_dearborn_mi,2030,44
metro,detroit_warren_dearborn_mi,2031,45
metro,detroit_warren_dearborn_mi,2032,39
metro,detroit_warren_dearborn_mi,2033,55
metro,detroit_warren_dearborn_mi,2034,44
metro,detroit_warren_dearborn_mi,2035,54
metro,detroit_warren_dearborn_mi,2036,39
metro,detroit_warren_dearborn_mi,2037,29
metro,detroit_warren_dearborn_mi,2038,27
metro,detroit_warren_dearborn_mi,2039,20
metro,detroit_warren_dearborn_mi,2040,22
metro,detroit_warren_dearborn_mi,2041,15
metro,detroit_warren_dearborn_mi,2042,27
metro,detroit_warren_dearborn_mi,2043,16
metro,detroit_warren_dearborn_mi,2044,5
metro,detroit_warren_dearborn_mi,2045,17
metro,detroit_warren_dearborn_mi,2046,23
metro,detroit_warren_dearborn_mi,2047,21
metro,detroit_warren_dearborn_mi,2048,19
metro,detroit_warren_dearborn_mi,2049,16
metro,detroit_warren_dearborn_mi,2050,23
metro,detroit_warren_dearborn_mi,2051,4
metro,grand_rapids_kentwood_mi,2011,1
metro,grand_rapids_kentwood_mi,2012,1
metro,grand_rapids_kentwood_mi,2013,1
metro,grand_rapids_kentwood_mi,2014,4
metro,grand_rapids_kentwood_mi,2015,3
metro,grand_rapids_kentwood_mi,2016,7
metro,grand_rapids_kentwood_mi,2017,12
metro,grand_rapids_kentwood_mi,2018,3
metro,grand_rapids_kentwood_mi,2019,9
metro,grand_rapids_kentwood_mi,2020,9
metro,grand_rapids_kentwood_mi,2021,9
metro,grand_rapids_kentwood_mi,2022,11
metro,grand_rapids_kentwood_mi,2023,14
metro,grand_rapids_kentwood_mi,2024,12
metro,grand_rapids_kentwood_mi,2025,11
metro,grand_rapids_kentwood_mi,2026,26
metro,grand_rapids_kentwood_mi,2027,15
metro,grand_rapids_kentwood_mi,2028,18
metro,grand_rapids_kentwood_mi,2029,8
metro,grand_rapids_kentwood_mi,2030,16
metro,grand_rapids_kentwood_mi,2031,18
metro,grand_rapids_kentwood_mi,2032,15
metro,grand_rapids_kentwood_mi,2033,21
metro,grand_rapids_kentwood_mi,2034,19
metro,grand_rapids_kentwood_mi,2035,20
metro,grand_rapids_kentwood_mi,2036,10
metro,grand_rapids_kentwood_mi,2037,11
metro,grand_rapids_kentwood_mi,2038,14
metro,grand_rapids_kentwood_mi,2039,8
metro,grand_rapids_kentwood_mi,2040,6
metro,grand_rapids_kentwood_mi,2041,9
metro,grand_rapids_kentwood_mi,2042,6
metro,grand_rapids_kentwood_mi,2043,1
metro,grand_rapids_kentwood_mi,2044,5
metro,grand_rapids_kentwood_mi,2045,6
metro,grand_rapids_kentwood_mi,2046,9
metro,grand_rapids_kentwood_mi,2047,7
metro,grand_rapids_kentwood_mi,2048,4
metro,grand_rapids_kentwood_mi,2049,7
metro,grand_rapids_kentwood_mi,2050,5
metro,grand_rapids_kentwood_mi,2051,3
metro,grand_rapids_kentwood_mi,2052,1
metro,houston,1993,1
metro,houston,2006,1
metro,houston,2011,3
metro,houston,2012,3
metro,houston,2013,4
metro,houston,2014,5
metro,houston,2015,9
metro,houston,2016,3
metro,houston,2017,11
metro,houston,2018,17
metro,houston,2019,17
metro,houston,2020,21
metro,houston,2021,37
metro,houston,2022,41
metro,houston,2023,41
metro,houston,2024,49
metro,houston,2025,60
metro,houston,2026,62
metro,houston,2027,47
metro,houston,2028,56
metro,houston,2029,56
metro,houston,2030,44
metro,houston,2031,54
metro,houston,2032,65
metro,houston,2033,46
metro,houston,2034,79
metro,houston,2035,72
metro,houston,2036,45
metro,houston,2037,24
metro,houston,2038,19
metro,houston,2039,21
metro,houston,2040,27
metro,houston,2041,18
metro,houston,2042,27
metro,houston,2043,35
metro,houston,2044,34
metro,houston,2045,25
metro,houston,2046,29
metro,houston,2047,36
metro,houston,2048,25
metro,houston,2049,27
metro,houston,2050,27
metro,houston,2051,8
metro,houston,2052,1
metro,indianapolis_carmel_anderson_in,2004,1
metro,indianapolis_carmel_anderson_in,2007,1
metro,indianapolis_carmel_anderson_in,2009,1
metro,indianapolis_carmel_anderson_in,2011,3
metro,indianapolis_carmel_anderson_in,2012,2
metro,indianapolis_carmel_anderson_in,2013,3
metro,indianapolis_carmel_anderson_in,2014,3
metro,indianapolis_carmel_anderson_in,2015,13
metro,indianapolis_carmel_anderson_in,2016,14
metro,indianapolis_carmel_anderson_in,2017,12
metro,indianapolis_carmel_anderson_in,2018,15
metro,indianapolis_carmel_anderson_in,2019,11
metro,indianapolis_carmel_anderson_in,2020,13
metro,indianapolis_carmel_anderson_in,2021,18
metro,indianapolis_carmel_anderson_in,2022,16
metro,indianapolis_carmel_anderson_in,2023,23
metro,indianapolis_carmel_anderson_in,2024,14
metro,indianapolis_carmel_anderson_in,2025,12
metro,indianapolis_carmel_anderson_in,2026,30
metro,indianapolis_carmel_anderson_in,2027,21
metro,indianapolis_carmel_anderson_in,2028,18
metro,indianapolis_carmel_anderson_in,2029,20
metro,indianapolis_carmel_anderson_in,2030,25
metro,indianapolis_carmel_anderson_in,2031,28
metro,indianapolis_carmel_anderson_in,2032,13
metro,indianapolis_carmel_anderson_in,2033,27
metro,indianapolis_carmel_anderson_in,2034,23
metro,indianapolis_carmel_anderson_in,2035,30
metro,indianapolis_carmel_anderson_in,2036,23
metro,indianapolis_carmel_anderson_in,2037,10
metro,indianapolis_carmel_anderson_in,2038,14
metro,indianapolis_carmel_anderson_in,2039,5
metro,indianapolis_carmel_anderson_in,2040,5
metro,indianapolis_carmel_anderson_in,2041,7
metro,indianapolis_carmel_anderson_in,2042,6
metro,indianapolis_carmel_anderson_in,2043,8
metro,indianapolis_carmel_anderson_in,2044,8
metro,indianapolis_carmel_anderson_in,2045,6
metro,indianapolis_carmel_anderson_in,2046,10
metro,indianapolis_carmel_anderson_in,2047,8
metro,indianapolis_carmel_anderson_in,2048,11
metro,indianapolis_carmel_anderson_in,2049,8
metro,indianapolis_carmel_anderson_in,2050,5
metro,indianapolis_carmel_anderson_in,2051,4
metro,kansas_city_mo_ks,2011,1
metro,kansas_city_mo_ks,2012,4
metro,kansas_city_mo_ks,2013,3
metro,kansas_city_mo_ks,2014,3
metro,kansas_city_mo_ks,2015,9
metro,kansas_city_mo_ks,2016,14
metro,kansas_city_mo_ks,2017,10
metro,kansas_city_mo_ks,2018,12
metro,kansas_city_mo_ks,2019,10
metro,kansas_city_mo_ks,2020,11
metro,kansas_city_mo_ks,2021,16
metro,kansas_city_mo_ks,2022,17
metro,kansas_city_mo_ks,2023,20
metro,kansas_city_mo_ks,2024,17
metro,kansas_city_mo_ks,2025,15
metro,kansas_city_mo_ks,2026,16
metro,kansas_city_mo_ks,2027,25
metro,kansas_city_mo_ks,2028,23
metro,kansas_city_mo_ks,2029,13
metro,kansas_city_mo_ks,2030,24
metro,kansas_city_mo_ks,2031,30
metro,kansas_city_mo_ks,2032,24
metro,kansas_city_mo_ks,2033,18
metro,kansas_city_mo_ks,2034,26
metro,kansas_city_mo_ks,2035,21
metro,kansas_city_mo_ks,2036,20
metro,kansas_city_mo_ks,2037,9
metro,kansas_city_mo_ks,2038,4
metro,kansas_city_mo_ks,2039,12
metro,kansas_city_mo_ks,2040,15
metro,kansas_city_mo_ks,2041,20
metro,kansas_city_mo_ks,2042,14
metro,kansas_city_mo_ks,2043,7
metro,kansas_city_mo_ks,2044,7
metro,kansas_city_mo_ks,2045,4
metro,kansas_city_mo_ks,2046,7
metro,kansas_city_mo_ks,2047,5
metro,kansas_city_mo_ks,2048,6
metro,kansas_city_mo_ks,2049,8
metro,kansas_city_mo_ks,2050,9
metro,kansas_city_mo_ks,2051,4
metro,kansas_city_mo_ks,2052,1
metro,las_vegas_henderson_paradise_nv,2009,1
metro,las_vegas_henderson_paradise_nv,2011,2
metro,las_vegas_henderson_paradise_nv,2012,4
metro,las_vegas_henderson_paradise_nv,2013,4
metro,las_vegas_henderson_paradise_nv,2014,4
metro,las_vegas_henderson_paradise_nv,2015,3
metro,las_vegas_henderson_paradise_nv,2016,4
metro,las_vegas_henderson_paradise_nv,2017,5
metro,las_vegas_henderson_paradise_nv,2018,9
metro,las_vegas_henderson_paradise_nv,2019,6
metro,las_vegas_henderson_paradise_nv,2020,6
metro,las_vegas_henderson_paradise_nv,2021,7
metro,las_vegas_henderson_paradise_nv,2022,9
metro,las_vegas_henderson_paradise_nv,2023,16
metro,las_vegas_henderson_paradise_nv,2024,17
metro,las_vegas_henderson_paradise_nv,2025,19
metro,las_vegas_henderson_paradise_nv,2026,27
metro,las_vegas_henderson_paradise_nv,2027,28
metro,las_vegas_henderson_paradise_nv,2028,20
metro,las_vegas_henderson_paradise_nv,2029,11
metro,las_vegas_henderson_paradise_nv,2030,12
metro,las_vegas_henderson_paradise_nv,2031,14
metro,las_vegas_henderson_paradise_nv,2032,17
metro,las_vegas_henderson_paradise_nv,2033,16
metro,las_vegas_henderson_paradise_nv,2034,15
metro,las_vegas_henderson_paradise_nv,2035,30
metro,las_vegas_henderson_paradise_nv,2036,10
metro,las_vegas_henderson_paradise_nv,2037,27
metro,las_vegas_henderson_paradise_nv,2038,8
metro,las_vegas_henderson_paradise_nv,2039,6
metro,las_vegas_henderson_paradise_nv,2040,9
metro,las_vegas_henderson_paradise_nv,2041,10
metro,las_vegas_henderson_paradise_nv,2042,9
metro,las_vegas_henderson_paradise_nv,2043,11
metro,las_vegas_henderson_paradise_nv,2044,15
metro,las_vegas_henderson_paradise_nv,2045,13
metro,las_vegas_henderson_paradise_nv,2046,14
metro,las_vegas_henderson_paradise_nv,2047,18
metro,las_vegas_henderson_paradise_nv,2048,5
metro,las_vegas_henderson_paradise_nv,2049,13
metro,las_vegas_henderson_paradise_nv,2050,11
metro,las_vegas_henderson_paradise_nv,2051,2
metro,los_angeles_long_beach_anaheim_ca,2004,1
metro,los_angeles_long_beach_anaheim_ca,2006,1
metro,los_angeles_long_beach_anaheim_ca,2009,1
metro,los_angeles_long_beach_anaheim_ca,2010,2
metro,los_angeles_long_beach_anaheim_ca,2011,4
metro,los_angeles_long_beach_anaheim_ca,2012,4
metro,los_angeles_long_beach_anaheim_ca,2013,2
metro,los_angeles_long_beach_anaheim_ca,2014,7
metro,los_angeles_long_beach_anaheim_ca,2015,16
metro,los_angeles_long_beach_anaheim_ca,2016,30
metro,los_angeles_long_beach_anaheim_ca,2017,23
metro,los_angeles_long_beach_anaheim_ca,2018,34
metro,los_angeles_long_beach_anaheim_ca,2019,50
metro,los_angeles_long_beach_anaheim_ca,2020,62
metro,los_angeles_long_beach_anaheim_ca,2021,82
metro,los_angeles_long_beach_anaheim_ca,2022,86
metro,los_angeles_long_beach_anaheim_ca,2023,108
metro,los_angeles_long_beach_anaheim_ca,2024,110
metro,los_angeles_long_beach_anaheim_ca,2025,131
metro,los_angeles_long_beach_anaheim_ca,2026,141
metro,los_angeles_long_beach_anaheim_ca,2027,164
metro,los_angeles_long_beach_anaheim_ca,2028,134
metro,los_angeles_long_beach_anaheim_ca,2029,106
metro,los_angeles_long_beach_anaheim_ca,2030,124
metro,los_angeles_long_beach_anaheim_ca,2031,112
metro,los_angeles_long_beach_anaheim_ca,2032,143
metro,los_angeles_long_beach_anaheim_ca,2033,101
metro,los_angeles_long_beach_anaheim_ca,2034,151
metro,los_angeles_long_beach_anaheim_ca,2035,207
metro,los_angeles_long_beach_anaheim_ca,2036,100
metro,los_angeles_long_beach_anaheim_ca,2037,112
metro,los_angeles_long_beach_anaheim_ca,2038,81
metro,los_angeles_long_beach_anaheim_ca,2039,97
metro,los_angeles_long_beach_anaheim_ca,2040,90
metro,los_angeles_long_beach_anaheim_ca,2041,100
metro,los_angeles_long_beach_anaheim_ca,2042,85
metro,los_angeles_long_beach_anaheim_ca,2043,100
metro,los_angeles_long_beach_anaheim_ca,2044,104
metro,los_angeles_long_beach_anaheim_ca,2045,120
metro,los_angeles_long_beach_anaheim_ca,2046,167
metro,los_angeles_long_beach_anaheim_ca,2047,109
metro,los_angeles_long_beach_anaheim_ca,2048,113
metro,los_angeles_long_beach_anaheim_ca,2049,116
metro,los_angeles_long_beach_anaheim_ca,2050,97
metro,los_angeles_long_beach_anaheim_ca,2051,38
metro,los_angeles_long_beach_anaheim_ca,2052,1
metro,miami_fort_lauderdale_pompano_beach_fl,2011,4
metro,miami_fort_lauderdale_pompano_beach_fl,2012,4
metro,miami_fort_lauderdale_pompano_beach_fl,2013,3
metro,miami_fort_lauderdale_pompano_beach_fl,2014,6
metro,miami_fort_lauderdale_pompano_beach_fl,2015,4
metro,miami_fort_lauderdale_pompano_beach_fl,2016,10
metro,miami_fort_lauderdale_pompano_beach_fl,2017,7
metro,miami_fort_lauderdale_pompano_beach_fl,2018,11
metro,miami_fort_lauderdale_pompano_beach_fl,2019,18
metro,miami_fort_lauderdale_pompano_beach_fl,2020,15
metro,miami_fort_lauderdale_pompano_beach_fl,2021,20
metro,miami_fort_lauderdale_pompano_beach_fl,2022,26
metro,miami_fort_lauderdale_pompano_beach_fl,2023,29
metro,miami_fort_lauderdale_pompano_beach_fl,2024,34
metro,miami_fort_lauderdale_pompano_beach_fl,2025,33
metro,miami_fort_lauderdale_pompano_beach_fl,2026,52
metro,miami_fort_lauderdale_pompano_beach_fl,2027,48
metro,miami_fort_lauderdale_pompano_beach_fl,2028,33
metro,miami_fort_lauderdale_pompano_beach_fl,2029,35
metro,miami_fort_lauderdale_pompano_beach_fl,2030,34
metro,miami_fort_lauderdale_pompano_beach_fl,2031,33
metro,miami_fort_lauderdale_pompano_beach_fl,2032,47
metro,miami_fort_lauderdale_pompano_beach_fl,2033,63
metro,miami_fort_lauderdale_pompano_beach_fl,2034,82
metro,miami_fort_lauderdale_pompano_beach_fl,2035,79
metro,miami_fort_lauderdale_pompano_beach_fl,2036,44
metro,miami_fort_lauderdale_pompano_beach_fl,2037,27
metro,miami_fort_lauderdale_pompano_beach_fl,2038,22
metro,miami_fort_lauderdale_pompano_beach_fl,2039,14
metro,miami_fort_lauderdale_pompano_beach_fl,2040,16
metro,miami_fort_lauderdale_pompano_beach_fl,2041,21
metro,miami_fort_lauderdale_pompano_beach_fl,2042,33
metro,miami_fort_lauderdale_pompano_beach_fl,2043,15
metro,miami_fort_lauderdale_pompano_beach_fl,2044,26
metro,miami_fort_lauderdale_pompano_beach_fl,2045,37
metro,miami_fort_lauderdale_pompano_beach_fl,2046,50
metro,miami_fort_lauderdale_pompano_beach_fl,2047,33
metro,miami_fort_lauderdale_pompano_beach_fl,2048,28
metro,miami_fort_lauderdale_pompano_beach_fl,2049,37
metro,miami_fort_lauderdale_pompano_beach_fl,2050,43
metro,miami_fort_lauderdale_pompano_beach_fl,2051,10
metro,milwaukee_waukesha_wi,1998,1
metro,milwaukee_waukesha_wi,2001,1
metro,milwaukee_waukesha_wi,2005,2
metro,milwaukee_waukesha_wi,2011,1
metro,milwaukee_waukesha_wi,2012,1
metro,milwaukee_waukesha_wi,2014,3
metro,milwaukee_waukesha_wi,2015,2
metro,milwaukee_waukesha_wi,2016,9
metro,milwaukee_waukesha_wi,2017,11
metro,milwaukee_waukesha_wi,2018,9
metro,milwaukee_waukesha_wi,2019,16
metro,milwaukee_waukesha_wi,2020,14
metro,milwaukee_waukesha_wi,2021,20
metro,milwaukee_waukesha_wi,2022,19
metro,milwaukee_waukesha_wi,2023,15
metro,milwaukee_waukesha_wi,2024,22
metro,milwaukee_waukesha_wi,2025,29
metro,milwaukee_waukesha_wi,2026,15
metro,milwaukee_waukesha_wi,2027,29
metro,milwaukee_waukesha_wi,2028,25
metro,milwaukee_waukesha_wi,2029,14
metro,milwaukee_waukesha_wi,2030,35
metro,milwaukee_waukesha_wi,2031,29
metro,milwaukee_waukesha_wi,2032,24
metro,milwaukee_waukesha_wi,2033,18
metro,milwaukee_waukesha_wi,2034,26
metro,milwaukee_waukesha_wi,2035,26
metro,milwaukee_waukesha_wi,2036,20
metro,milwaukee_waukesha_wi,2037,11
metro,milwaukee_waukesha_wi,2038,13
metro,milwaukee_waukesha_wi,2039,12
metro,milwaukee_waukesha_wi,2040,18
metro,milwaukee_waukesha_wi,2041,8
metro,milwaukee_waukesha_wi,2042,11
metro,milwaukee_waukesha_wi,2043,10
metro,milwaukee_waukesha_wi,2044,13
metro,milwaukee_waukesha_wi,2045,15
metro,milwaukee_waukesha_wi,2046,21
metro,milwaukee_waukesha_wi,2047,16
metro,milwaukee_waukesha_wi,2048,13
metro,milwaukee_waukesha_wi,2049,11
metro,milwaukee_waukesha_wi,2050,7
metro,milwaukee_waukesha_wi,2051,5
metro,minneapolis_st_paul_bloomington_mn_wi,2003,1
metro,minneapolis_st_paul_bloomington_mn_wi,2004,1
metro,minneapolis_st_paul_bloomington_mn_wi,2005,2
metro,minneapolis_st_paul_bloomington_mn_wi,2006,3
metro,minneapolis_st_paul_bloomington_mn_wi,2007,1
metro,minneapolis_st_paul_bloomington_mn_wi,2010,1
metro,minneapolis_st_paul_bloomington_mn_wi,2011,5
metro,minneapolis_st_paul_bloomington_mn_wi,2012,12
metro,minneapolis_st_paul_bloomington_mn_wi,2013,10
metro,minneapolis_st_paul_bloomington_mn_wi,2014,15
metro,minneapolis_st_paul_bloomington_mn_wi,2015,26
metro,minneapolis_st_paul_bloomington_mn_wi,2016,23
metro,minneapolis_st_paul_bloomington_mn_wi,2017,26
metro,minneapolis_st_paul_bloomington_mn_wi,2018,22
metro,minneapolis_st_paul_bloomington_mn_wi,2019,38
metro,minneapolis_st_paul_bloomington_mn_wi,2020,57
metro,minneapolis_st_paul_bloomington_mn_wi,2021,65
metro,minneapolis_st_paul_bloomington_mn_wi,2022,53
metro,minneapolis_st_paul_bloomington_mn_wi,2023,51
metro,minneapolis_st_paul_bloomington_mn_wi,2024,62
metro,minneapolis_st_paul_bloomington_mn_wi,2025,71
metro,minneapolis_st_paul_bloomington_mn_wi,2026,64
metro,minneapolis_st_paul_bloomington_mn_wi,2027,75
metro,minneapolis_st_paul_bloomington_mn_wi,2028,62
metro,minneapolis_st_paul_bloomington_mn_wi,2029,61
metro,minneapolis_st_paul_bloomington_mn_wi,2030,70
metro,minneapolis_st_paul_bloomington_mn_wi,2031,72
metro,minneapolis_st_paul_bloomington_mn_wi,2032,63
metro,minneapolis_st_paul_bloomington_mn_wi,2033,46
metro,minneapolis_st_paul_bloomington_mn_wi,2034,60
metro,minneapolis_st_paul_bloomington_mn_wi,2035,64
metro,minneapolis_st_paul_bloomington_mn_wi,2036,38
metro,minneapolis_st_paul_bloomington_mn_wi,2037,33
metro,minneapolis_st_paul_bloomington_mn_wi,2038,21
metro,minneapolis_st_paul_bloomington_mn_wi,2039,19
metro,minneapolis_st_paul_bloomington_mn_wi,2040,23
metro,minneapolis_st_paul_bloomington_mn_wi,2041,18
metro,minneapolis_st_paul_bloomington_mn_wi,2042,27
metro,minneapolis_st_paul_bloomington_mn_wi,2043,12
metro,minneapolis_st_paul_bloomington_mn_wi,2044,24
metro,minneapolis_st_paul_bloomington_mn_wi,2045,33
metro,minneapolis_st_paul_bloomington_mn_wi,2046,42
metro,minneapolis_st_paul_bloomington_mn_wi,2047,44
metro,minneapolis_st_paul_bloomington_mn_wi,2048,19
metro,minneapolis_st_paul_bloomington_mn_wi,2049,25
metro,minneapolis_st_paul_bloomington_mn_wi,2050,21
metro,minneapolis_st_paul_bloomington_mn_wi,2051,7
metro,new_york_newark_jersey_city_ny_nj_pa,2003,1
metro,new_york_newark_jersey_city_ny_nj_pa,2007,1
metro,new_york_newark_jersey_city_ny_nj_pa,2008,1
metro,new_york_newark_jersey_city_ny_nj_pa,2009,1
metro,new_york_newark_jersey_city_ny_nj_pa,2010,2
metro,new_york_newark_jersey_city_ny_nj_pa,2011,2
metro,new_york_newark_jersey_city_ny_nj_pa,2012,2
metro,new_york_newark_jersey_city_ny_nj_pa,2013,7
metro,new_york_newark_jersey_city_ny_nj_pa,2014,9
metro,new_york_newark_jersey_city_ny_nj_pa,2015,14
metro,new_york_newark_jersey_city_ny_nj_pa,2016,19
metro,new_york_newark_jersey_city_ny_nj_pa,2017,27
metro,new_york_newark_jersey_city_ny_nj_pa,2018,37
metro,new_york_newark_jersey_city_ny_nj_pa,2019,27
metro,new_york_newark_jersey_city_ny_nj_pa,2020,49
metro,new_york_newark_jersey_city_ny_nj_pa,2021,40
metro,new_york_newark_jersey_city_ny_nj_pa,2022,38
metro,new_york_newark_jersey_city_ny_nj_pa,2023,53
metro,new_york_newark_jersey_city_ny_nj_pa,2024,53
metro,new_york_newark_jersey_city_ny_nj_pa,2025,57
metro,new_york_newark_jersey_city_ny_nj_pa,2026,54
metro,new_york_newark_jersey_city_ny_nj_pa,2027,85
metro,new_york_newark_jersey_city_ny_nj_pa,2028,87
metro,new_york_newark_jersey_city_ny_nj_pa,2029,73
metro,new_york_newark_jersey_city_ny_nj_pa,2030,91
metro,new_york_newark_jersey_city_ny_nj_pa,2031,66
metro,new_york_newark_jersey_city_ny_nj_pa,2032,90
metro,new_york_newark_jersey_city_ny_nj_pa,2033,118
metro,new_york_newark_jersey_city_ny_nj_pa,2034,119
metro,new_york_newark_jersey_city_ny_nj_pa,2035,178
metro,new_york_newark_jersey_city_ny_nj_pa,2036,71
metro,new_york_newark_jersey_city_ny_nj_pa,2037,46
metro,new_york_newark_jersey_city_ny_nj_pa,2038,47
metro,new_york_newark_jersey_city_ny_nj_pa,2039,45
metro,new_york_newark_jersey_city_ny_nj_pa,2040,35
metro,new_york_newark_jersey_city_ny_nj_pa,2041,43
metro,new_york_newark_jersey_city_ny_nj_pa,2042,35
metro,new_york_newark_jersey_city_ny_nj_pa,2043,42
metro,new_york_newark_jersey_city_ny_nj_pa,2044,36
metro,new_york_newark_jersey_city_ny_nj_pa,2045,45
metro,new_york_newark_jersey_city_ny_nj_pa,2046,80
metro,new_york_newark_jersey_city_ny_nj_pa,2047,72
metro,new_york_newark_jersey_city_ny_nj_pa,2048,60
metro,new_york_newark_jersey_city_ny_nj_pa,2049,49
metro,new_york_newark_jersey_city_ny_nj_pa,2050,67
metro,new_york_newark_jersey_city_ny_nj_pa,2051,20
metro,new_york_newark_jersey_city_ny_nj_pa,2052,1
metro,new_york_newark_jersey_city_ny_nj_pa,2056,1
metro,orlando_kissimmee_sanford_fl,2013,3
metro,orlando_kissimmee_sanford_fl,2014,1
metro,orlando_kissimmee_sanford_fl,2015,2
metro,orlando_kissimmee_sanford_fl,2017,2
metro,orlando_kissimmee_sanford_fl,2018,5
metro,orlando_kissimmee_sanford_fl,2019,3
metro,orlando_kissimmee_sanford_fl,2020,6
metro,orlando_kissimmee_sanford_fl,2021,5
metro,orlando_kissimmee_sanford_fl,2022,10
metro,orlando_kissimmee_sanford_fl,2023,6
metro,orlando_kissimmee_sanford_fl,2024,12
metro,orlando_kissimmee_sanford_fl,2025,14
metro,orlando_kissimmee_sanford_fl,2026,18
metro,orlando_kissimmee_sanford_fl,2027,24
metro,orlando_kissimmee_sanford_fl,2028,23
metro,orlando_kissimmee_sanford_fl,2029,10
metro,orlando_kissimmee_sanford_fl,2030,12
metro,orlando_kissimmee_sanford_fl,2031,28
metro,orlando_kissimmee_sanford_fl,2032,14
metro,orlando_kissimmee_sanford_fl,2033,14
metro,orlando_kissimmee_sanford_fl,2034,18
metro,orlando_kissimmee_sanford_fl,2035,32
metro,orlando_kissimmee_sanford_fl,2036,18
metro,orlando_kissimmee_sanford_fl,2037,13
metro,orlando_kissimmee_sanford_fl,2038,5
metro,orlando_kissimmee_sanford_fl,2039,5
metro,orlando_kissimmee_sanford_fl,2040,12
metro,orlando_kissimmee_sanford_fl,2041,10
metro,orlando_kissimmee_sanford_fl,2042,8
metro,orlando_kissimmee_sanford_fl,2043,11
metro,orlando_kissimmee_sanford_fl,2044,17
metro,orlando_kissimmee_sanford_fl,2045,17
metro,orlando_kissimmee_sanford_fl,2046,17
metro,orlando_kissimmee_sanford_fl,2047,10
metro,orlando_kissimmee_sanford_fl,2048,21
metro,orlando_kissimmee_sanford_fl,2049,18
metro,orlando_kissimmee_sanford_fl,2050,15
metro,orlando_kissimmee_sanford_fl,2051,6
metro,orlando_kissimmee_sanford_fl,2052,1
metro,other_mi,2013,1
metro,other_mi,2014,2
metro,other_mi,2015,1
metro,other_mi,2016,2
metro,other_mi,2017,6
metro,other_mi,2018,4
metro,other_mi,2019,7
metro,other_mi,2020,7
metro,other_mi,2021,16
metro,other_mi,2022,17
metro,other_mi,2023,14
metro,other_mi,2024,14
metro,other_mi,2025,13
metro,other_mi,2026,16
metro,other_mi,2027,14
metro,other_mi,2028,13
metro,other_mi,2029,14
metro,other_mi,2030,21
metro,other_mi,2031,17
metro,other_mi,2032,20
metro,other_mi,2033,22
metro,other_mi,2034,16
metro,other_mi,2035,21
metro,other_mi,2036,19
metro,other_mi,2037,16
metro,other_mi,2038,10
metro,other_mi,2039,12
metro,other_mi,2040,6
metro,other_mi,2041,7
metro,other_mi,2042,11
metro,other_mi,2043,8
metro,other_mi,2044,3
metro,other_mi,2045,7
metro,other_mi,2046,6
metro,other_mi,2047,3
metro,other_mi,2048,7
metro,other_mi,2049,4
metro,other_mi,2050,2
metro,other_mi,2051,2
metro,other_mn,2005,1
metro,other_mn,2012,1
metro,other_mn,2013,1
metro,other_mn,2014,4
metro,other_mn,2015,5
metro,other_mn,2016,6
metro,other_mn,2017,8
metro,other_mn,2018,5
metro,other_mn,2019,7
metro,other_mn,2020,6
metro,other_mn,2021,12
metro,other_mn,2022,16
metro,other_mn,2023,20
metro,other_mn,2024,17
metro,other_mn,2025,15
metro,other_mn,2026,22
metro,other_mn,2027,21
metro,other_mn,2028,17
metro,other_mn,2029,16
metro,other_mn,2030,14
metro,other_mn,2031,24
metro,other_mn,2032,15
metro,other_mn,2033,14
metro,other_mn,2034,12
metro,other_mn,2035,8
metro,other_mn,2036,11
metro,other_mn,2037,5
metro,other_mn,2038,6
metro,other_mn,2039,10
metro,other_mn,2040,8
metro,other_mn,2041,6
metro,other_mn,2042,6
metro,other_mn,2043,8
metro,other_mn,2044,10
metro,other_mn,2045,12
metro,other_mn,2046,19
metro,other_mn,2047,11
metro,other_mn,2048,7
metro,other_mn,2049,4
metro,other_mn,2050,10
metro,other_mn,2051,1
metro,other_wi,2004,1
metro,other_wi,2006,1
metro,other_wi,2010,1
metro,other_wi,2011,1
metro,other_wi,2012,2
metro,other_wi,2013,1
metro,other_wi,2014,4
metro,other_wi,2015,5
metro,other_wi,2016,6
metro,other_wi,2017,3
metro,other_wi,2018,6
metro,other_wi,2019,4
metro,other_wi,2020,10
metro,other_wi,2021,14
metro,other_wi,2022,7
metro,other_wi,2023,14
metro,other_wi,2024,13
metro,other_wi,2025,15
metro,other_wi,2026,18
metro,other_wi,2027,22
metro,other_wi,2028,19
metro,other_wi,2029,17
metro,other_wi,2030,13
metro,other_wi,2031,14
metro,other_wi,2032,25
metro,other_wi,2033,14
metro,other_wi,2034,14
metro,other_wi,2035,16
metro,other_wi,2036,9
metro,other_wi,2037,9
metro,other_wi,2038,4
metro,other_wi,2039,11
metro,other_wi,2040,7
metro,other_wi,2041,5
metro,other_wi,2042,10
metro,other_wi,2043,6
metro,other_wi,2044,6
metro,other_wi,2045,7
metro,other_wi,2046,17
metro,other_wi,2047,7
metro,other_wi,2048,7
metro,other_wi,2049,7
metro,other_wi,2050,5
metro,other_wi,2051,1
metro,other_wi,2052,1
metro,philadelphia_camden_wilmington_pa_nj_de_md,1999,3
metro,philadelphia_camden_wilmington_pa_nj_de_md,2006,1
metro,philadelphia_camden_wilmington_pa_nj_de_md,2007,1
metro,philadelphia_camden_wilmington_pa_nj_de_md,2011,3
metro,philadelphia_camden_wilmington_pa_nj_de_md,2012,1
metro,philadelphia_camden_wilmington_pa_nj_de_md,2013,5
metro,philadelphia_camden_wilmington_pa_nj_de_md,2014,2
metro,philadelphia_camden_wilmington_pa_nj_de_md,2015,10
metro,philadelphia_camden_wilmington_pa_nj_de_md,2016,7
metro,philadelphia_camden_wilmington_pa_nj_de_md,2017,8
metro,philadelphia_camden_wilmington_pa_nj_de_md,2018,10
metro,philadelphia_camden_wilmington_pa_nj_de_md,2019,11
metro,philadelphia_camden_wilmington_pa_nj_de_md,2020,20
metro,philadelphia_camden_wilmington_pa_nj_de_md,2021,22
metro,philadelphia_camden_wilmington_pa_nj_de_md,2022,16
metro,philadelphia_camden_wilmington_pa_nj_de_md,2023,20
metro,philadelphia_camden_wilmington_pa_nj_de_md,2024,23
metro,philadelphia_camden_wilmington_pa_nj_de_md,2025,24
metro,philadelphia_camden_wilmington_pa_nj_de_md,2026,30
metro,philadelphia_camden_wilmington_pa_nj_de_md,2027,18
metro,philadelphia_camden_wilmington_pa_nj_de_md,2028,37
metro,philadelphia_camden_wilmington_pa_nj_de_md,2029,28
metro,philadelphia_camden_wilmington_pa_nj_de_md,2030,45
metro,philadelphia_camden_wilmington_pa_nj_de_md,2031,43
metro,philadelphia_camden_wilmington_pa_nj_de_md,2032,32
metro,philadelphia_camden_wilmington_pa_nj_de_md,2033,44
metro,philadelphia_camden_wilmington_pa_nj_de_md,2034,49
metro,philadelphia_camden_wilmington_pa_nj_de_md,2035,61
metro,philadelphia_camden_wilmington_pa_nj_de_md,2036,33
metro,philadelphia_camden_wilmington_pa_nj_de_md,2037,19
metro,philadelphia_camden_wilmington_pa_nj_de_md,2038,30
metro,philadelphia_camden_wilmington_pa_nj_de_md,2039,23
metro,philadelphia_camden_wilmington_pa_nj_de_md,2040,27
metro,philadelphia_camden_wilmington_pa_nj_de_md,2041,25
metro,philadelphia_camden_wilmington_pa_nj_de_md,2042,20
metro,philadelphia_camden_wilmington_pa_nj_de_md,2043,18
metro,philadelphia_camden_wilmington_pa_nj_de_md,2044,19
metro,philadelphia_camden_wilmington_pa_nj_de_md,2045,16
metro,philadelphia_camden_wilmington_pa_nj_de_md,2046,30
metro,philadelphia_camden_wilmington_pa_nj_de_md,2047,21
metro,philadelphia_camden_wilmington_pa_nj_de_md,2048,19
metro,philadelphia_camden_wilmington_pa_nj_de_md,2049,21
metro,philadelphia_camden_wilmington_pa_nj_de_md,2050,20
metro,philadelphia_camden_wilmington_pa_nj_de_md,2051,5
metro,phoenix_mesa_chandler_az,2010,1
metro,phoenix_mesa_chandler_az,2011,1
metro,phoenix_mesa_chandler_az,2012,3
metro,phoenix_mesa_chandler_az,2013,4
metro,phoenix_mesa_chandler_az,2014,5
metro,phoenix_mesa_chandler_az,2015,10
metro,phoenix_mesa_chandler_az,2016,8
metro,phoenix_mesa_chandler_az,2017,11
metro,phoenix_mesa_chandler_az,2018,12
metro,phoenix_mesa_chandler_az,2019,12
metro,phoenix_mesa_chandler_az,2020,23
metro,phoenix_mesa_chandler_az,2021,26
metro,phoenix_mesa_chandler_az,2022,46
metro,phoenix_mesa_chandler_az,2023,31
metro,phoenix_mesa_chandler_az,2024,39
metro,phoenix_mesa_chandler_az,2025,39
metro,phoenix_mesa_chandler_az,2026,52
metro,phoenix_mesa_chandler_az,2027,72
metro,phoenix_mesa_chandler_az,2028,42
metro,phoenix_mesa_chandler_az,2029,42
metro,phoenix_mesa_chandler_az,2030,37
metro,phoenix_mesa_chandler_az,2031,55
metro,phoenix_mesa_chandler_az,2032,41
metro,phoenix_mesa_chandler_az,2033,51
metro,phoenix_mesa_chandler_az,2034,42
metro,phoenix_mesa_chandler_az,2035,84
metro,phoenix_mesa_chandler_az,2036,40
metro,phoenix_mesa_chandler_az,2037,29
metro,phoenix_mesa_chandler_az,2038,33
metro,phoenix_mesa_chandler_az,2039,24
metro,phoenix_mesa_chandler_az,2040,35
metro,phoenix_mesa_chandler_az,2041,32
metro,phoenix_mesa_chandler_az,2042,42
metro,phoenix_mesa_chandler_az,2043,38
metro,phoenix_mesa_chandler_az,2044,26
metro,phoenix_mesa_chandler_az,2045,33
metro,phoenix_mesa_chandler_az,2046,43
metro,phoenix_mesa_chandler_az,2047,40
metro,phoenix_mesa_chandler_az,2048,25
metro,phoenix_mesa_chandler_az,2049,39
metro,phoenix_mesa_chandler_az,2050,45
metro,phoenix_mesa_chandler_az,2051,18
metro,phoenix_mesa_chandler_az,2052,1
metro,portland_vancouver_hillsboro_or_wa,2011,4
metro,portland_vancouver_hillsboro_or_wa,2014,1
metro,portland_vancouver_hillsboro_or_wa,2015,1
metro,portland_vancouver_hillsboro_or_wa,2016,5
metro,portland_vancouver_hillsboro_or_wa,2017,5
metro,portland_vancouver_hillsboro_or_wa,2018,7
metro,portland_vancouver_hillsboro_or_wa,2019,14
metro,portland_vancouver_hillsboro_or_wa,2020,18
metro,portland_vancouver_hillsboro_or_wa,2021,9
metro,portland_vancouver_hillsboro_or_wa,2022,16
metro,portland_vancouver_hillsboro_or_wa,2023,13
metro,portland_vancouver_hillsboro_or_wa,2024,10
metro,portland_vancouver_hillsboro_or_wa,2025,13
metro,portland_vancouver_hillsboro_or_wa,2026,26
metro,portland_vancouver_hillsboro_or_wa,2027,19
metro,portland_vancouver_hillsboro_or_wa,2028,18
metro,portland_vancouver_hillsboro_or_wa,2029,19
metro,portland_vancouver_hillsboro_or_wa,2030,14
metro,portland_vancouver_hillsboro_or_wa,2031,24
metro,portland_vancouver_hillsboro_or_wa,2032,22
metro,portland_vancouver_hillsboro_or_wa,2033,20
metro,portland_vancouver_hillsboro_or_wa,2034,28
metro,portland_vancouver_hillsboro_or_wa,2035,43
metro,portland_vancouver_hillsboro_or_wa,2036,16
metro,portland_vancouver_hillsboro_or_wa,2037,19
metro,portland_vancouver_hillsboro_or_wa,2038,15
metro,portland_vancouver_hillsboro_or_wa,2039,9
metro,portland_vancouver_hillsboro_or_wa,2040,10
metro,portland_vancouver_hillsboro_or_wa,2041,8
metro,portland_vancouver_hillsboro_or_wa,2042,8
metro,portland_vancouver_hillsboro_or_wa,2043,8
metro,portland_vancouver_hillsboro_or_wa,2044,10
metro,portland_vancouver_hillsboro_or_wa,2045,17
metro,portland_vancouver_hillsboro_or_wa,2046,21
metro,portland_vancouver_hillsboro_or_wa,2047,24
metro,portland_vancouver_hillsboro_or_wa,2048,15
metro,portland_vancouver_hillsboro_or_wa,2049,8
metro,portland_vancouver_hillsboro_or_wa,2050,17
metro,portland_vancouver_hillsboro_or_wa,2051,3
metro,providence_warwick_ri_ma,2012,2
metro,providence_warwick_ri_ma,2013,4
metro,providence_warwick_ri_ma,2014,2
metro,providence_warwick_ri_ma,2015,3
metro,providence_warwick_ri_ma,2016,8
metro,providence_warwick_ri_ma,2017,8
metro,providence_warwick_ri_ma,2018,4
metro,providence_warwick_ri_ma,2019,8
metro,providence_warwick_ri_ma,2020,7
metro,providence_warwick_ri_ma,2021,8
metro,providence_warwick_ri_ma,2022,24
metro,providence_warwick_ri_ma,2023,8
metro,providence_warwick_ri_ma,2024,11
metro,providence_warwick_ri_ma,2025,18
metro,providence_warwick_ri_ma,2026,21
metro,providence_warwick_ri_ma,2027,14
metro,providence_warwick_ri_ma,2028,12
metro,providence_warwick_ri_ma,2029,15
metro,providence_warwick_ri_ma,2030,20
metro,providence_warwick_ri_ma,2031,12
metro,providence_warwick_ri_ma,2032,8
metro,providence_warwick_ri_ma,2033,15
metro,providence_warwick_ri_ma,2034,20
metro,providence_warwick_ri_ma,2035,16
metro,providence_warwick_ri_ma,2036,14
metro,providence_warwick_ri_ma,2037,14
metro,providence_warwick_ri_ma,2038,5
metro,providence_warwick_ri_ma,2039,7
metro,providence_warwick_ri_ma,2040,5
metro,providence_warwick_ri_ma,2041,10
metro,providence_warwick_ri_ma,2042,4
metro,providence_warwick_ri_ma,2043,6
metro,providence_warwick_ri_ma,2044,7
metro,providence_warwick_ri_ma,2045,13
metro,providence_warwick_ri_ma,2046,11
metro,providence_warwick_ri_ma,2047,2
metro,providence_warwick_ri_ma,2048,9
metro,providence_warwick_ri_ma,2049,5
metro,providence_warwick_ri_ma,2050,8
metro,riverside_san_bernardino_ontario_ca,2011,5
metro,riverside_san_bernardino_ontario_ca,2014,3
metro,riverside_san_bernardino_ontario_ca,2015,5
metro,riverside_san_bernardino_ontario_ca,2016,8
metro,riverside_san_bernardino_ontario_ca,2017,13
metro,riverside_san_bernardino_ontario_ca,2018,11
metro,riverside_san_bernardino_ontario_ca,2019,14
metro,riverside_san_bernardino_ontario_ca,2020,17
metro,riverside_san_bernardino_ontario_ca,2021,33
metro,riverside_san_bernardino_ontario_ca,2022,28
metro,riverside_san_bernardino_ontario_ca,2023,38
metro,riverside_san_bernardino_ontario_ca,2024,42
metro,riverside_san_bernardino_ontario_ca,2025,61
metro,riverside_san_bernardino_ontario_ca,2026,56
metro,riverside_san_bernardino_ontario_ca,2027,64
metro,riverside_san_bernardino_ontario_ca,2028,44
metro,riverside_san_bernardino_ontario_ca,2029,36
metro,riverside_san_bernardino_ontario_ca,2030,31
metro,riverside_san_bernardino_ontario_ca,2031,41
metro,riverside_san_bernardino_ontario_ca,2032,27
metro,riverside_san_bernardino_ontario_ca,2033,39
metro,riverside_san_bernardino_ontario_ca,2034,58
metro,riverside_san_bernardino_ontario_ca,2035,58
metro,riverside_san_bernardino_ontario_ca,2036,42
metro,riverside_san_bernardino_ontario_ca,2037,39
metro,riverside_san_bernardino_ontario_ca,2038,26
metro,riverside_san_bernardino_ontario_ca,2039,32
metro,riverside_san_bernardino_ontario_ca,2040,25
metro,riverside_san_bernardino_ontario_ca,2041,15
metro,riverside_san_bernardino_ontario_ca,2042,23
metro,riverside_san_bernardino_ontario_ca,2043,32
metro,riverside_san_bernardino_ontario_ca,2044,41
metro,riverside_san_bernardino_ontario_ca,2045,34
metro,riverside_san_bernardino_ontario_ca,2046,55
metro,riverside_san_bernardino_ontario_ca,2047,31
metro,riverside_san_bernardino_ontario_ca,2048,35
metro,riverside_san_bernardino_ontario_ca,2049,32
metro,riverside_san_bernardino_ontario_ca,2050,32
metro,riverside_san_bernardino_ontario_ca,2051,17
metro,sacramento_roseville_folsom_ca,2010,1
metro,sacramento_roseville_folsom_ca,2011,2
metro,sacramento_roseville_folsom_ca,2012,1
metro,sacramento_roseville_folsom_ca,2013,2
metro,sacramento_roseville_folsom_ca,2014,4
metro,sacramento_roseville_folsom_ca,2015,7
metro,sacramento_roseville_folsom_ca,2016,7
metro,sacramento_roseville_folsom_ca,2017,9
metro,sacramento_roseville_folsom_ca,2018,6
metro,sacramento_roseville_folsom_ca,2019,23
metro,sacramento_roseville_folsom_ca,2020,21
metro,sacramento_roseville_folsom_ca,2021,37
metro,sacramento_roseville_folsom_ca,2022,29
metro,sacramento_roseville_folsom_ca,2023,29
metro,sacramento_roseville_folsom_ca,2024,24
metro,sacramento_roseville_folsom_ca,2025,44
metro,sacramento_roseville_folsom_ca,2026,35
metro,sacramento_roseville_folsom_ca,2027,41
metro,sacramento_roseville_folsom_ca,2028,22
metro,sacramento_roseville_folsom_ca,2029,30
metro,sacramento_roseville_folsom_ca,2030,32
metro,sacramento_roseville_folsom_ca,2031,14
metro,sacramento_roseville_folsom_ca,2032,21
metro,sacramento_roseville_folsom_ca,2033,21
metro,sacramento_roseville_folsom_ca,2034,31
metro,sacramento_roseville_folsom_ca,2035,39
metro,sacramento_roseville_folsom_ca,2036,25
metro,sacramento_roseville_folsom_ca,2037,15
metro,sacramento_roseville_folsom_ca,2038,24
metro,sacramento_roseville_folsom_ca,2039,12
metro,sacramento_roseville_folsom_ca,2040,17
metro,sacramento_roseville_folsom_ca,2041,16
metro,sacramento_roseville_folsom_ca,2042,30
metro,sacramento_roseville_folsom_ca,2043,25
metro,sacramento_roseville_folsom_ca,2044,14
metro,sacramento_roseville_folsom_ca,2045,19
metro,sacramento_roseville_folsom_ca,2046,28
metro,sacramento_roseville_folsom_ca,2047,25
metro,sacramento_roseville_folsom_ca,2048,17
metro,sacramento_roseville_folsom_ca,2049,20
metro,sacramento_roseville_folsom_ca,2050,19
metro,sacramento_roseville_folsom_ca,2051,9
metro,salt_lake_city_ut,2006,1
metro,salt_lake_city_ut,2010,1
metro,salt_lake_city_ut,2013,3
metro,salt_lake_city_ut,2014,2
metro,salt_lake_city_ut,2015,6
metro,salt_lake_city_ut,2016,10
metro,salt_lake_city_ut,2017,11
metro,salt_lake_city_ut,2018,5
metro,salt_lake_city_ut,2019,6
metro,salt_lake_city_ut,2020,19
metro,salt_lake_city_ut,2021,6
metro,salt_lake_city_ut,2022,20
metro,salt_lake_city_ut,2023,16
metro,salt_lake_city_ut,2024,16
metro,salt_lake_city_ut,2025,29
metro,salt_lake_city_ut,2026,31
metro,salt_lake_city_ut,2027,18
metro,salt_lake_city_ut,2028,24
metro,salt_lake_city_ut,2029,19
metro,salt_lake_city_ut,2030,19
metro,salt_lake_city_ut,2031,28
metro,salt_lake_city_ut,2032,23
metro,salt_lake_city_ut,2033,17
metro,salt_lake_city_ut,2034,35
metro,salt_lake_city_ut,2035,24
metro,salt_lake_city_ut,2036,15
metro,salt_lake_city_ut,2037,17
metro,salt_lake_city_ut,2038,9
metro,salt_lake_city_ut,2039,6
metro,salt_lake_city_ut,2040,13
metro,salt_lake_city_ut,2041,6
metro,salt_lake_city_ut,2042,9
metro,salt_lake_city_ut,2043,26
metro,salt_lake_city_ut,2044,19
metro,salt_lake_city_ut,2045,22
metro,salt_lake_city_ut,2046,29
metro,salt_lake_city_ut,2047,19
metro,salt_lake_city_ut,2048,15
metro,salt_lake_city_ut,2049,18
metro,salt_lake_city_ut,2050,11
metro,salt_lake_city_ut,2051,5
metro,san_antonio,2010,1
metro,san_antonio,2013,1
metro,san_antonio,2014,1
metro,san_antonio,2015,2
metro,san_antonio,2016,4
metro,san_antonio,2017,3
metro,san_antonio,2018,4
metro,san_antonio,2019,2
metro,san_antonio,2020,8
metro,san_antonio,2021,8
metro,san_antonio,2022,6
metro,san_antonio,2023,16
metro,san_antonio,2024,13
metro,san_antonio,2025,13
metro,san_antonio,2026,11
metro,san_antonio,2027,10
metro,san_antonio,2028,18
metro,san_antonio,2029,10
metro,san_antonio,2030,15
metro,san_antonio,2031,15
metro,san_antonio,2032,9
metro,san_antonio,2033,16
metro,san_antonio,2034,20
metro,san_antonio,2035,22
metro,san_antonio,2036,10
metro,san_antonio,2037,10
metro,san_antonio,2038,7
metro,san_antonio,2039,8
metro,san_antonio,2040,8
metro,san_antonio,2041,9
metro,san_antonio,2042,9
metro,san_antonio,2043,14
metro,san_antonio,2044,9
metro,san_antonio,2045,13
metro,san_antonio,2046,12
metro,san_antonio,2047,13
metro,san_antonio,2048,6
metro,san_antonio,2049,7
metro,san_antonio,2050,7
metro,san_antonio,2051,2
metro,san_diego_chula_vista_carlsbad_ca,2007,2
metro,san_diego_chula_vista_carlsbad_ca,2010,1
metro,san_diego_chula_vista_carlsbad_ca,2012,2
metro,san_diego_chula_vista_carlsbad_ca,2013,1
metro,san_diego_chula_vista_carlsbad_ca,2014,6
metro,san_diego_chula_vista_carlsbad_ca,2015,5
metro,san_diego_chula_vista_carlsbad_ca,2016,11
metro,san_diego_chula_vista_carlsbad_ca,2017,10
metro,san_diego_chula_vista_carlsbad_ca,2018,11
metro,san_diego_chula_vista_carlsbad_ca,2019,27
metro,san_diego_chula_vista_carlsbad_ca,2020,19
metro,san_diego_chula_vista_carlsbad_ca,2021,22
metro,san_diego_chula_vista_carlsbad_ca,2022,22
metro,san_diego_chula_vista_carlsbad_ca,2023,27
metro,san_diego_chula_vista_carlsbad_ca,2024,44
metro,san_diego_chula_vista_carlsbad_ca,2025,38
metro,san_diego_chula_vista_carlsbad_ca,2026,48
metro,san_diego_chula_vista_carlsbad_ca,2027,53
metro,san_diego_chula_vista_carlsbad_ca,2028,28
metro,san_diego_chula_vista_carlsbad_ca,2029,39
metro,san_diego_chula_vista_carlsbad_ca,2030,30
metro,san_diego_chula_vista_carlsbad_ca,2031,40
metro,san_diego_chula_vista_carlsbad_ca,2032,31
metro,san_diego_chula_vista_carlsbad_ca,2033,32
metro,san_diego_chula_vista_carlsbad_ca,2034,50
metro,san_diego_chula_vista_carlsbad_ca,2035,47
metro,san_diego_chula_vista_carlsbad_ca,2036,23
metro,san_diego_chula_vista_carlsbad_ca,2037,28
metro,san_diego_chula_vista_carlsbad_ca,2038,23
metro,san_diego_chula_vista_carlsbad_ca,2039,21
metro,san_diego_chula_vista_carlsbad_ca,2040,22
metro,san_diego_chula_vista_carlsbad_ca,2041,29
metro,san_diego_chula_vista_carlsbad_ca,2042,22
metro,san_diego_chula_vista_carlsbad_ca,2043,19
metro,san_diego_chula_vista_carlsbad_ca,2044,18
metro,san_diego_chula_vista_carlsbad_ca,2045,28
metro,san_diego_chula_vista_carlsbad_ca,2046,48
metro,san_diego_chula_vista_carlsbad_ca,2047,29
metro,san_diego_chula_vista_carlsbad_ca,2048,15
metro,san_diego_chula_vista_carlsbad_ca,2049,30
metro,san_diego_chula_vista_carlsbad_ca,2050,20
metro,san_diego_chula_vista_carlsbad_ca,2051,5
metro,san_francisco_oakland_berkeley_ca,2010,1
metro,san_francisco_oakland_berkeley_ca,2011,1
metro,san_francisco_oakland_berkeley_ca,2013,1
metro,san_francisco_oakland_berkeley_ca,2014,6
metro,san_francisco_oakland_berkeley_ca,2015,11
metro,san_francisco_oakland_berkeley_ca,2016,15
metro,san_francisco_oakland_berkeley_ca,2017,13
metro,san_francisco_oakland_berkeley_ca,2018,12
metro,san_francisco_oakland_berkeley_ca,2019,10
metro,san_francisco_oakland_berkeley_ca,2020,25
metro,san_francisco_oakland_berkeley_ca,2021,34
metro,san_francisco_oakland_berkeley_ca,2022,41
metro,san_francisco_oakland_berkeley_ca,2023,37
metro,san_francisco_oakland_berkeley_ca,2024,40
metro,san_francisco_oakland_berkeley_ca,2025,59
metro,san_francisco_oakland_berkeley_ca,2026,67
metro,san_francisco_oakland_berkeley_ca,2027,59
metro,san_francisco_oakland_berkeley_ca,2028,40
metro,san_francisco_oakland_berkeley_ca,2029,48
metro,san_francisco_oakland_berkeley_ca,2030,38
metro,san_francisco_oakland_berkeley_ca,2031,44
metro,san_francisco_oakland_berkeley_ca,2032,41
metro,san_francisco_oakland_berkeley_ca,2033,34
metro,san_francisco_oakland_berkeley_ca,2034,44
metro,san_francisco_oakland_berkeley_ca,2035,58
metro,san_francisco_oakland_berkeley_ca,2036,42
metro,san_francisco_oakland_berkeley_ca,2037,38
metro,san_francisco_oakland_berkeley_ca,2038,34
metro,san_francisco_oakland_berkeley_ca,2039,23
metro,san_francisco_oakland_berkeley_ca,2040,25
metro,san_francisco_oakland_berkeley_ca,2041,28
metro,san_francisco_oakland_berkeley_ca,2042,19
metro,san_francisco_oakland_berkeley_ca,2043,25
metro,san_francisco_oakland_berkeley_ca,2044,26
metro,san_francisco_oakland_berkeley_ca,2045,40
metro,san_francisco_oakland_berkeley_ca,2046,51
metro,san_francisco_oakland_berkeley_ca,2047,49
metro,san_francisco_oakland_berkeley_ca,2048,30
metro,san_francisco_oakland_berkeley_ca,2049,22
metro,san_francisco_oakland_berkeley_ca,2050,39
metro,san_francisco_oakland_berkeley_ca,2051,15
metro,san_jose_sunnyvale_santa_clara_ca,2007,1
metro,san_jose_sunnyvale_santa_clara_ca,2012,1
metro,san_jose_sunnyvale_santa_clara_ca,2013,2
metro,san_jose_sunnyvale_santa_clara_ca,2014,3
metro,san_jose_sunnyvale_santa_clara_ca,2015,5
metro,san_jose_sunnyvale_santa_clara_ca,2016,4
metro,san_jose_sunnyvale_santa_clara_ca,2017,6
metro,san_jose_sunnyvale_santa_clara_ca,2018,8
metro,san_jose_sunnyvale_santa_clara_ca,2019,10
metro,san_jose_sunnyvale_santa_clara_ca,2020,11
metro,san_jose_sunnyvale_santa_clara_ca,2021,10
metro,san_jose_sunnyvale_santa_clara_ca,2022,18
metro,san_jose_sunnyvale_santa_clara_ca,2023,23
metro,san_jose_sunnyvale_santa_clara_ca,2024,39
metro,san_jose_sunnyvale_santa_clara_ca,2025,29
metro,san_jose_sunnyvale_santa_clara_ca,2026,33
metro,san_jose_sunnyvale_santa_clara_ca,2027,38
metro,san_jose_sunnyvale_santa_clara_ca,2028,18
metro,san_jose_sunnyvale_santa_clara_ca,2029,27
metro,san_jose_sunnyvale_santa_clara_ca,2030,28
metro,san_jose_sunnyvale_santa_clara_ca,2031,28
metro,san_jose_sunnyvale_santa_clara_ca,2032,26
metro,san_jose_sunnyvale_santa_clara_ca,2033,23
metro,san_jose_sunnyvale_santa_clara_ca,2034,28
metro,san_jose_sunnyvale_santa_clara_ca,2035,37
metro,san_jose_sunnyvale_santa_clara_ca,2036,24
metro,san_jose_sunnyvale_santa_clara_ca,2037,22
metro,san_jose_sunnyvale_santa_clara_ca,2038,15
metro,san_jose_sunnyvale_santa_clara_ca,2039,12
metro,san_jose_sunnyvale_santa_clara_ca,2040,11
metro,san_jose_sunnyvale_santa_clara_ca,2041,15
metro,san_jose_sunnyvale_santa_clara_ca,2042,12
metro,san_jose_sunnyvale_santa_clara_ca,2043,15
metro,san_jose_sunnyvale_santa_clara_ca,2044,12
metro,san_jose_sunnyvale_santa_clara_ca,2045,24
metro,san_jose_sunnyvale_santa_clara_ca,2046,30
metro,san_jose_sunnyvale_santa_clara_ca,2047,21
metro,san_jose_sunnyvale_santa_clara_ca,2048,14
metro,san_jose_sunnyvale_santa_clara_ca,2049,12
metro,san_jose_sunnyvale_santa_clara_ca,2050,9
metro,san_jose_sunnyvale_santa_clara_ca,2051,5
metro,seattle_tacoma_bellevue_wa,2005,1
metro,seattle_tacoma_bellevue_wa,2011,2
metro,seattle_tacoma_bellevue_wa,2012,4
metro,seattle_tacoma_bellevue_wa,2013,3
metro,seattle_tacoma_bellevue_wa,2014,2
metro,seattle_tacoma_bellevue_wa,2015,6
metro,seattle_tacoma_bellevue_wa,2016,8
metro,seattle_tacoma_bellevue_wa,2017,9
metro,seattle_tacoma_bellevue_wa,2018,11
metro,seattle_tacoma_bellevue_wa,2019,15
metro,seattle_tacoma_bellevue_wa,2020,28
metro,seattle_tacoma_bellevue_wa,2021,23
metro,seattle_tacoma_bellevue_wa,2022,17
metro,seattle_tacoma_bellevue_wa,2023,25
metro,seattle_tacoma_bellevue_wa,2024,27
metro,seattle_tacoma_bellevue_wa,2025,30
metro,seattle_tacoma_bellevue_wa,2026,36
metro,seattle_tacoma_bellevue_wa,2027,45
metro,seattle_tacoma_bellevue_wa,2028,37
metro,seattle_tacoma_bellevue_wa,2029,37
metro,seattle_tacoma_bellevue_wa,2030,30
metro,seattle_tacoma_bellevue_wa,2031,28
metro,seattle_tacoma_bellevue_wa,2032,40
metro,seattle_tacoma_bellevue_wa,2033,30
metro,seattle_tacoma_bellevue_wa,2034,40
metro,seattle_tacoma_bellevue_wa,2035,55
metro,seattle_tacoma_bellevue_wa,2036,27
metro,seattle_tacoma_bellevue_wa,2037,20
metro,seattle_tacoma_bellevue_wa,2038,14
metro,seattle_tacoma_bellevue_wa,2039,14
metro,seattle_tacoma_bellevue_wa,2040,9
metro,seattle_tacoma_bellevue_wa,2041,18
metro,seattle_tacoma_bellevue_wa,2042,13
metro,seattle_tacoma_bellevue_wa,2043,15
metro,seattle_tacoma_bellevue_wa,2044,25
metro,seattle_tacoma_bellevue_wa,2045,29
metro,seattle_tacoma_bellevue_wa,2046,34
metro,seattle_tacoma_bellevue_wa,2047,14
metro,seattle_tacoma_bellevue_wa,2048,12
metro,seattle_tacoma_bellevue_wa,2049,12
metro,seattle_tacoma_bellevue_wa,2050,13
metro,seattle_tacoma_bellevue_wa,2051,4
metro,st_louis_mo_il,2011,5
metro,st_louis_mo_il,2012,4
metro,st_louis_mo_il,2013,3
metro,st_louis_mo_il,2014,8
metro,st_louis_mo_il,2015,10
metro,st_louis_mo_il,2016,7
metro,st_louis_mo_il,2017,11
metro,st_louis_mo_il,2018,4
metro,st_louis_mo_il,2019,11
metro,st_louis_mo_il,2020,19
metro,st_louis_mo_il,2021,13
metro,st_louis_mo_il,2022,21
metro,st_louis_mo_il,2023,15
metro,st_louis_mo_il,2024,15
metro,st_louis_mo_il,2025,23
metro,st_louis_mo_il,2026,32
metro,st_louis_mo_il,2027,20
metro,st_louis_mo_il,2028,25
metro,st_louis_mo_il,2029,23
metro,st_louis_mo_il,2030,28
metro,st_louis_mo_il,2031,22
metro,st_louis_mo_il,2032,31
metro,st_louis_mo_il,2033,18
metro,st_louis_mo_il,2034,26
metro,st_louis_mo_il,2035,17
metro,st_louis_mo_il,2036,23
metro,st_louis_mo_il,2037,10
metro,st_louis_mo_il,2038,9
metro,st_louis_mo_il,2039,9
metro,st_louis_mo_il,2040,13
metro,st_louis_mo_il,2041,14
metro,st_louis_mo_il,2042,16
metro,st_louis_mo_il,2043,7
metro,st_louis_mo_il,2044,9
metro,st_louis_mo_il,2045,7
metro,st_louis_mo_il,2046,15
metro,st_louis_mo_il,2047,12
metro,st_louis_mo_il,2048,10
metro,st_louis_mo_il,2049,9
metro,st_louis_mo_il,2050,12
metro,st_louis_mo_il,2051,6
metro,tampa_st_petersburg_clearwater_fl,2011,1
metro,tampa_st_petersburg_clearwater_fl,2012,1
metro,tampa_st_petersburg_clearwater_fl,2015,1
metro,tampa_st_petersburg_clearwater_fl,2016,2
metro,tampa_st_petersburg_clearwater_fl,2017,2
metro,tampa_st_petersburg_clearwater_fl,2018,5
metro,tampa_st_petersburg_clearwater_fl,2019,8
metro,tampa_st_petersburg_clearwater_fl,2020,8
metro,tampa_st_petersburg_clearwater_fl,2021,5
metro,tampa_st_petersburg_clearwater_fl,2022,13
metro,tampa_st_petersburg_clearwater_fl,2023,14
metro,tampa_st_petersburg_clearwater_fl,2024,9
metro,tampa_st_petersburg_clearwater_fl,2025,24
metro,tampa_st_petersburg_clearwater_fl,2026,18
metro,tampa_st_petersburg_clearwater_fl,2027,23
metro,tampa_st_petersburg_clearwater_fl,2028,18
metro,tampa_st_petersburg_clearwater_fl,2029,33
metro,tampa_st_petersburg_clearwater_fl,2030,33
metro,tampa_st_petersburg_clearwater_fl,2031,29
metro,tampa_st_petersburg_clearwater_fl,2032,23
metro,tampa_st_petersburg_clearwater_fl,2033,39
metro,tampa_st_petersburg_clearwater_fl,2034,45
metro,tampa_st_petersburg_clearwater_fl,2035,45
metro,tampa_st_petersburg_clearwater_fl,2036,35
metro,tampa_st_petersburg_clearwater_fl,2037,22
metro,tampa_st_petersburg_clearwater_fl,2038,19
metro,tampa_st_petersburg_clearwater_fl,2039,7
metro,tampa_st_petersburg_clearwater_fl,2040,18
metro,tampa_st_petersburg_clearwater_fl,2041,18
metro,tampa_st_petersburg_clearwater_fl,2042,17
metro,tampa_st_petersburg_clearwater_fl,2043,12
metro,tampa_st_petersburg_clearwater_fl,2044,25
metro,tampa_st_petersburg_clearwater_fl,2045,16
metro,tampa_st_petersburg_clearwater_fl,2046,23
metro,tampa_st_petersburg_clearwater_fl,2047,19
metro,tampa_st_petersburg_clearwater_fl,2048,27
metro,tampa_st_petersburg_clearwater_fl,2049,17
metro,tampa_st_petersburg_clearwater_fl,2050,31
metro,tampa_st_petersburg_clearwater_fl,2051,6
metro,washington_arlington_alexandria_dc_va_md_wv,1997,1
metro,washington_arlington_alexandria_dc_va_md_wv,2006,1
metro,washington_arlington_alexandria_dc_va_md_wv,2011,3
metro,washington_arlington_alexandria_dc_va_md_wv,2012,4
metro,washington_arlington_alexandria_dc_va_md_wv,2013,1
metro,washington_arlington_alexandria_dc_va_md_wv,2014,6
metro,washington_arlington_alexandria_dc_va_md_wv,2015,9
metro,washington_arlington_alexandria_dc_va_md_wv,2016,12
metro,washington_arlington_alexandria_dc_va_md_wv,2017,17
metro,washington_arlington_alexandria_dc_va_md_wv,2018,14
metro,washington_arlington_alexandria_dc_va_md_wv,2019,13
metro,washington_arlington_alexandria_dc_va_md_wv,2020,22
metro,washington_arlington_alexandria_dc_va_md_wv,2021,25
metro,washington_arlington_alexandria_dc_va_md_wv,2022,28
metro,washington_arlington_alexandria_dc_va_md_wv,2023,21
metro,washington_arlington_alexandria_dc_va_md_wv,2024,27
metro,washington_arlington_alexandria_dc_va_md_wv,2025,43
metro,washington_arlington_alexandria_dc_va_md_wv,2026,42
metro,washington_arlington_alexandria_dc_va_md_wv,2027,48
metro,washington_arlington_alexandria_dc_va_md_wv,2028,25
metro,washington_arlington_alexandria_dc_va_md_wv,2029,29
metro,washington_arlington_alexandria_dc_va_md_wv,2030,36
metro,washington_arlington_alexandria_dc_va_md_wv,2031,29
metro,washington_arlington_alexandria_dc_va_md_wv,2032,32
metro,washington_arlington_alexandria_dc_va_md_wv,2033,23
metro,washington_arlington_alexandria_dc_va_md_wv,2034,39
metro,washington_arlington_alexandria_dc_va_md_wv,2035,54
metro,washington_arlington_alexandria_dc_va_md_wv,2036,40
metro,washington_arlington_alexandria_dc_va_md_wv,2037,23
metro,washington_arlington_alexandria_dc_va_md_wv,2038,23
metro,washington_arlington_alexandria_dc_va_md_wv,2039,20
metro,washington_arlington_alexandria_dc_va_md_wv,2040,18
metro,washington_arlington_alexandria_dc_va_md_wv,2041,17
metro,washington_arlington_alexandria_dc_va_md_wv,2042,16
metro,washington_arlington_alexandria_dc_va_md_wv,2043,13
metro,washington_arlington_alexandria_dc_va_md_wv,2044,24
metro,washington_arlington_alexandria_dc_va_md_wv,2045,12
metro,washington_arlington_alexandria_dc_va_md_wv,2046,12
metro,washington_arlington_alexandria_dc_va_md_wv,2047,15
metro,washington_arlington_alexandria_dc_va_md_wv,2048,12
metro,washington_arlington_alexandria_dc_va_md_wv,2049,24
metro,washington_arlington_alexandria_dc_va_md_wv,2050,18
metro,washington_arlington_alexandria_dc_va_md_wv,2051,4
